cycle_id,opportunity_id,cycle_year,duration_weeks,program_start,program_end,application_open,application_deadline,application_url,deadline_text,status_code,status_text,stipend_total_usd,stipend_weekly_usd,housing_status,housing_details,meals_status,meals_details,travel_status,travel_details,academic_credit_status,last_verified,data_confidence
530,530,2031,N/A,N/A,N/A,N/A,N/A,https://www.nsf.gov/awardsearch/showAward?AWD_ID=2447757,N/A,unknown,unknown,N/A,N/A,unknown,,unknown,,unknown,,unknown,2026-09-02,medium
592,592,2031,N/A,N/A,N/A,N/A,N/A,https://www.nsf.gov/awardsearch/showAward?AWD_ID=2547890,N/A,unknown,unknown,N/A,N/A,unknown,,unknown,,unknown,,unknown,2026-09-02,medium
627,627,2031,10.0,N/A,N/A,N/A,N/A,https://www.nsf.gov/awardsearch/showAward?AWD_ID=2548115,N/A,unknown,unknown,N/A,N/A,unknown,,unknown,,unknown,,unknown,2026-09-02,medium
386,386,2030,N/A,N/A,N/A,N/A,N/A,https://www.nsf.gov/awardsearch/showAward?AWD_ID=2349708,N/A,unknown,unknown,N/A,N/A,unknown,,unknown,,unknown,,unknown,2026-09-02,medium
585,585,2030,N/A,N/A,N/A,N/A,N/A,https://www.nsf.gov/awardsearch/showAward?AWD_ID=2547795,N/A,unknown,unknown,N/A,N/A,unknown,,unknown,,unknown,,unknown,2026-09-02,medium
638,638,2030,10.0,N/A,N/A,N/A,N/A,https://www.nsf.gov/awardsearch/showAward?AWD_ID=2548169,N/A,unknown,unknown,N/A,N/A,unknown,,unknown,,unknown,,unknown,2026-09-02,medium
639,639,2030,10.0,N/A,N/A,N/A,N/A,https://etap.nsf.gov,N/A,unknown,unknown,N/A,N/A,unknown,,unknown,,unknown,,unknown,2026-09-02,medium
668,668,2030,10.0,N/A,N/A,N/A,N/A,https://etap.nsf.gov,N/A,unknown,unknown,N/A,N/A,unknown,,unknown,,unknown,,unknown,2026-09-02,medium
267,267,2029,N/A,N/A,N/A,N/A,N/A,https://www.nsf.gov/awardsearch/showAward?AWD_ID=2349110,N/A,unknown,unknown,N/A,N/A,unknown,,unknown,,unknown,,unknown,2026-09-02,medium
296,296,2029,N/A,N/A,N/A,N/A,N/A,https://www.nsf.gov/awardsearch/showAward?AWD_ID=2349237,N/A,unknown,unknown,N/A,N/A,unknown,,unknown,,unknown,,unknown,2026-09-02,medium
303,303,2029,N/A,N/A,N/A,N/A,N/A,https://www.nsf.gov/awardsearch/showAward?AWD_ID=2349268,N/A,unknown,unknown,N/A,N/A,unknown,,unknown,,unknown,,unknown,2026-09-02,medium
304,304,2029,N/A,N/A,N/A,N/A,N/A,https://www.nsf.gov/awardsearch/showAward?AWD_ID=2349269,N/A,unknown,unknown,N/A,N/A,unknown,,unknown,,unknown,,unknown,2026-09-02,medium
423,423,2029,10.0,N/A,N/A,N/A,N/A,https://www.nsf.gov/awardsearch/showAward?AWD_ID=2446884,N/A,unknown,unknown,N/A,N/A,unknown,,unknown,,unknown,,unknown,2026-09-02,medium
486,486,2029,9.0,N/A,N/A,N/A,N/A,https://www.nsf.gov/awardsearch/showAward?AWD_ID=2447548,N/A,unknown,unknown,N/A,N/A,unknown,,unknown,,unknown,,unknown,2026-09-02,medium
566,566,2029,N/A,N/A,N/A,N/A,N/A,https://www.nsf.gov/awardsearch/showAward?AWD_ID=2545517,N/A,unknown,unknown,N/A,N/A,unknown,,unknown,,unknown,,unknown,2026-09-02,medium
567,567,2029,10.0,N/A,N/A,N/A,N/A,https://www.nsf.gov/awardsearch/showAward?AWD_ID=2545697,N/A,unknown,unknown,N/A,N/A,unknown,,unknown,,unknown,,unknown,2026-09-02,medium
568,568,2029,N/A,N/A,N/A,N/A,N/A,https://www.nsf.gov/awardsearch/showAward?AWD_ID=2545770,N/A,unknown,unknown,N/A,N/A,unknown,,unknown,,unknown,,unknown,2026-09-02,medium
569,569,2029,8.0,N/A,N/A,N/A,N/A,https://etap.nsf.gov,N/A,unknown,unknown,N/A,N/A,unknown,,unknown,,unknown,,unknown,2026-09-02,medium
570,570,2029,10.0,N/A,N/A,N/A,N/A,https://etap.nsf.gov,N/A,unknown,unknown,N/A,N/A,unknown,,unknown,,unknown,,unknown,2026-09-02,medium
571,571,2029,N/A,N/A,N/A,N/A,N/A,https://www.nsf.gov/awardsearch/showAward?AWD_ID=2547056,N/A,unknown,unknown,N/A,N/A,unknown,,unknown,,unknown,,unknown,2026-09-02,medium
572,572,2029,N/A,N/A,N/A,N/A,N/A,https://www.nsf.gov/awardsearch/showAward?AWD_ID=2547135,N/A,unknown,unknown,N/A,N/A,unknown,,unknown,,unknown,,unknown,2026-09-02,medium
573,573,2029,10.0,N/A,N/A,N/A,N/A,https://etap.nsf.gov,N/A,unknown,unknown,N/A,N/A,unknown,,unknown,,unknown,,unknown,2026-09-02,medium
574,574,2029,10.0,N/A,N/A,N/A,N/A,https://www.nsf.gov/awardsearch/showAward?AWD_ID=2547319,N/A,unknown,unknown,N/A,N/A,unknown,,unknown,,unknown,,unknown,2026-09-02,medium
575,575,2029,N/A,N/A,N/A,N/A,N/A,https://www.nsf.gov/awardsearch/showAward?AWD_ID=2547381,N/A,unknown,unknown,N/A,N/A,unknown,,unknown,,unknown,,unknown,2026-09-02,medium
577,577,2029,10.0,N/A,N/A,N/A,N/A,https://www.nsf.gov/awardsearch/showAward?AWD_ID=2547402,N/A,unknown,unknown,N/A,N/A,unknown,,unknown,,unknown,,unknown,2026-09-02,medium
578,578,2029,10.0,N/A,N/A,N/A,N/A,https://etap.nsf.gov,N/A,unknown,unknown,N/A,N/A,unknown,,unknown,,unknown,,unknown,2026-09-02,medium
579,579,2029,8.0,N/A,N/A,N/A,N/A,https://etap.nsf.gov,N/A,unknown,unknown,N/A,N/A,unknown,,unknown,,unknown,,unknown,2026-09-02,medium
580,580,2029,9.0,N/A,N/A,N/A,N/A,https://etap.nsf.gov,N/A,unknown,unknown,N/A,N/A,unknown,,unknown,,unknown,,unknown,2026-09-02,medium
581,581,2029,10.0,N/A,N/A,N/A,N/A,https://www.nsf.gov/awardsearch/showAward?AWD_ID=2547627,N/A,unknown,unknown,N/A,N/A,unknown,,unknown,,unknown,,unknown,2026-09-02,medium
582,582,2029,N/A,N/A,N/A,N/A,N/A,https://www.nsf.gov/awardsearch/showAward?AWD_ID=2547735,N/A,unknown,unknown,N/A,N/A,unknown,,unknown,,unknown,,unknown,2026-09-02,medium
583,583,2029,N/A,N/A,N/A,N/A,N/A,https://www.nsf.gov/awardsearch/showAward?AWD_ID=2547760,N/A,unknown,unknown,N/A,N/A,unknown,,unknown,,unknown,,unknown,2026-09-02,medium
584,584,2029,N/A,N/A,N/A,N/A,N/A,https://www.nsf.gov/awardsearch/showAward?AWD_ID=2547774,N/A,unknown,unknown,N/A,N/A,unknown,,unknown,,unknown,,unknown,2026-09-02,medium
586,586,2029,10.0,N/A,N/A,N/A,N/A,https://www.nsf.gov/awardsearch/showAward?AWD_ID=2547817,N/A,unknown,unknown,N/A,N/A,unknown,,unknown,,unknown,,unknown,2026-09-02,medium
587,587,2029,10.0,N/A,N/A,N/A,N/A,https://www.nsf.gov/awardsearch/showAward?AWD_ID=2547823,N/A,unknown,unknown,N/A,N/A,unknown,,unknown,,unknown,,unknown,2026-09-02,medium
588,588,2029,10.0,N/A,N/A,N/A,N/A,https://www.nsf.gov/awardsearch/showAward?AWD_ID=2547842,N/A,unknown,unknown,N/A,N/A,unknown,,unknown,,unknown,,unknown,2026-09-02,medium
589,589,2029,10.0,N/A,N/A,N/A,N/A,https://www.nsf.gov/awardsearch/showAward?AWD_ID=2547851,N/A,unknown,unknown,N/A,N/A,unknown,,unknown,,unknown,,unknown,2026-09-02,medium
590,590,2029,10.0,N/A,N/A,N/A,N/A,https://www.nsf.gov/awardsearch/showAward?AWD_ID=2547873,N/A,unknown,unknown,N/A,N/A,unknown,,unknown,,unknown,,unknown,2026-09-02,medium
591,591,2029,10.0,N/A,N/A,N/A,N/A,https://www.nsf.gov/awardsearch/showAward?AWD_ID=2547887,N/A,unknown,unknown,N/A,N/A,unknown,,unknown,,unknown,,unknown,2026-09-02,medium
593,593,2029,10.0,N/A,N/A,N/A,N/A,https://etap.nsf.gov,N/A,unknown,unknown,N/A,N/A,unknown,,unknown,,unknown,,unknown,2026-09-02,medium
594,594,2029,10.0,N/A,N/A,N/A,N/A,https://www.nsf.gov/awardsearch/showAward?AWD_ID=2547899,N/A,unknown,unknown,N/A,N/A,unknown,,unknown,,unknown,,unknown,2026-09-02,medium
595,595,2029,10.0,N/A,N/A,N/A,N/A,https://www.nsf.gov/awardsearch/showAward?AWD_ID=2547922,N/A,unknown,unknown,N/A,N/A,unknown,,unknown,,unknown,,unknown,2026-09-02,medium
596,596,2029,N/A,N/A,N/A,N/A,N/A,https://www.nsf.gov/awardsearch/showAward?AWD_ID=2547942,N/A,unknown,unknown,N/A,N/A,unknown,,unknown,,unknown,,unknown,2026-09-02,medium
597,597,2029,10.0,N/A,N/A,N/A,N/A,https://www.nsf.gov/awardsearch/showAward?AWD_ID=2547945,N/A,unknown,unknown,N/A,N/A,unknown,,unknown,,unknown,,unknown,2026-09-02,medium
598,598,2029,10.0,N/A,N/A,N/A,N/A,https://etap.nsf.gov,N/A,unknown,unknown,N/A,N/A,unknown,,unknown,,unknown,,unknown,2026-09-02,medium
599,599,2029,10.0,N/A,N/A,N/A,N/A,https://www.nsf.gov/awardsearch/showAward?AWD_ID=2547961,N/A,unknown,unknown,N/A,N/A,unknown,,unknown,,unknown,,unknown,2026-09-02,medium
600,600,2029,10.0,N/A,N/A,N/A,N/A,https://www.nsf.gov/awardsearch/showAward?AWD_ID=2547979,N/A,unknown,unknown,N/A,N/A,unknown,,unknown,,unknown,,unknown,2026-09-02,medium
601,601,2029,N/A,N/A,N/A,N/A,N/A,https://www.nsf.gov/awardsearch/showAward?AWD_ID=2547997,N/A,unknown,unknown,N/A,N/A,unknown,,unknown,,unknown,,unknown,2026-09-02,medium
602,602,2029,8.0,N/A,N/A,N/A,N/A,https://etap.nsf.gov,N/A,unknown,unknown,N/A,N/A,unknown,,unknown,,unknown,,unknown,2026-09-02,medium
603,603,2029,10.0,N/A,N/A,N/A,N/A,https://etap.nsf.gov,N/A,unknown,unknown,N/A,N/A,unknown,,unknown,,unknown,,unknown,2026-09-02,medium
604,604,2029,10.0,N/A,N/A,N/A,N/A,https://etap.nsf.gov,N/A,unknown,unknown,N/A,N/A,unknown,,unknown,,unknown,,unknown,2026-09-02,medium
606,606,2029,8.0,N/A,N/A,N/A,N/A,https://www.nsf.gov/awardsearch/showAward?AWD_ID=2548033,N/A,unknown,unknown,N/A,N/A,unknown,,unknown,,unknown,,unknown,2026-09-02,medium
607,607,2029,N/A,N/A,N/A,N/A,N/A,https://www.nsf.gov/awardsearch/showAward?AWD_ID=2548034,N/A,unknown,unknown,N/A,N/A,unknown,,unknown,,unknown,,unknown,2026-09-02,medium
608,608,2029,7.0,N/A,N/A,N/A,N/A,https://www.nsf.gov/awardsearch/showAward?AWD_ID=2548038,N/A,unknown,unknown,N/A,N/A,unknown,,unknown,,unknown,,unknown,2026-09-02,medium
609,609,2029,10.0,N/A,N/A,N/A,N/A,https://etap.nsf.gov,N/A,unknown,unknown,N/A,N/A,unknown,,unknown,,unknown,,unknown,2026-09-02,medium
610,610,2029,10.0,N/A,N/A,N/A,N/A,https://www.nsf.gov/awardsearch/showAward?AWD_ID=2548041,N/A,unknown,unknown,N/A,N/A,unknown,,unknown,,unknown,,unknown,2026-09-02,medium
611,611,2029,N/A,N/A,N/A,N/A,N/A,https://www.nsf.gov/awardsearch/showAward?AWD_ID=2548053,N/A,unknown,unknown,N/A,N/A,unknown,,unknown,,unknown,,unknown,2026-09-02,medium
612,612,2029,10.0,N/A,N/A,N/A,N/A,https://etap.nsf.gov,N/A,unknown,unknown,N/A,N/A,unknown,,unknown,,unknown,,unknown,2026-09-02,medium
613,613,2029,N/A,N/A,N/A,N/A,N/A,https://www.nsf.gov/awardsearch/showAward?AWD_ID=2548067,N/A,unknown,unknown,N/A,N/A,unknown,,unknown,,unknown,,unknown,2026-09-02,medium
614,614,2029,N/A,N/A,N/A,N/A,N/A,https://www.nsf.gov/awardsearch/showAward?AWD_ID=2548073,N/A,unknown,unknown,N/A,N/A,unknown,,unknown,,unknown,,unknown,2026-09-02,medium
615,615,2029,N/A,N/A,N/A,N/A,N/A,https://www.nsf.gov/awardsearch/showAward?AWD_ID=2548084,N/A,unknown,unknown,N/A,N/A,unknown,,unknown,,unknown,,unknown,2026-09-02,medium
616,616,2029,10.0,N/A,N/A,N/A,N/A,https://etap.nsf.gov,N/A,unknown,unknown,N/A,N/A,unknown,,unknown,,unknown,,unknown,2026-09-02,medium
617,617,2029,8.0,N/A,N/A,N/A,N/A,https://www.nsf.gov/awardsearch/showAward?AWD_ID=2548087,N/A,unknown,unknown,N/A,N/A,unknown,,unknown,,unknown,,unknown,2026-09-02,medium
618,618,2029,10.0,N/A,N/A,N/A,N/A,https://www.nsf.gov/awardsearch/showAward?AWD_ID=2548093,N/A,unknown,unknown,N/A,N/A,unknown,,unknown,,unknown,,unknown,2026-09-02,medium
619,619,2029,N/A,N/A,N/A,N/A,N/A,https://www.nsf.gov/awardsearch/showAward?AWD_ID=2548098,N/A,unknown,unknown,N/A,N/A,unknown,,unknown,,unknown,,unknown,2026-09-02,medium
620,620,2029,N/A,N/A,N/A,N/A,N/A,https://www.nsf.gov/awardsearch/showAward?AWD_ID=2548100,N/A,unknown,unknown,N/A,N/A,unknown,,unknown,,unknown,,unknown,2026-09-02,medium
621,621,2029,6.0,N/A,N/A,N/A,N/A,https://www.nsf.gov/awardsearch/showAward?AWD_ID=2548101,N/A,unknown,unknown,N/A,N/A,unknown,,unknown,,unknown,,unknown,2026-09-02,medium
622,622,2029,10.0,N/A,N/A,N/A,N/A,https://www.nsf.gov/awardsearch/showAward?AWD_ID=2548103,N/A,unknown,unknown,N/A,N/A,unknown,,unknown,,unknown,,unknown,2026-09-02,medium
623,623,2029,N/A,N/A,N/A,N/A,N/A,https://www.nsf.gov/awardsearch/showAward?AWD_ID=2548104,N/A,unknown,unknown,N/A,N/A,unknown,,unknown,,unknown,,unknown,2026-09-02,medium
624,624,2029,10.0,N/A,N/A,N/A,N/A,https://www.nsf.gov/awardsearch/showAward?AWD_ID=2548105,N/A,unknown,unknown,N/A,N/A,unknown,,unknown,,unknown,,unknown,2026-09-02,medium
625,625,2029,9.0,N/A,N/A,N/A,N/A,https://www.nsf.gov/awardsearch/showAward?AWD_ID=2548110,N/A,unknown,unknown,N/A,N/A,unknown,,unknown,,unknown,,unknown,2026-09-02,medium
626,626,2029,10.0,N/A,N/A,N/A,N/A,https://etap.nsf.gov,N/A,unknown,unknown,N/A,N/A,unknown,,unknown,,unknown,,unknown,2026-09-02,medium
628,628,2029,10.0,N/A,N/A,N/A,N/A,https://www.nsf.gov/awardsearch/showAward?AWD_ID=2548118,N/A,unknown,unknown,N/A,N/A,unknown,,unknown,,unknown,,unknown,2026-09-02,medium
629,629,2029,10.0,N/A,N/A,N/A,N/A,https://www.nsf.gov/awardsearch/showAward?AWD_ID=2548122,N/A,unknown,unknown,N/A,N/A,unknown,,unknown,,unknown,,unknown,2026-09-02,medium
630,630,2029,10.0,N/A,N/A,N/A,N/A,https://www.nsf.gov/awardsearch/showAward?AWD_ID=2548125,N/A,unknown,unknown,N/A,N/A,unknown,,unknown,,unknown,,unknown,2026-09-02,medium
631,631,2029,10.0,N/A,N/A,N/A,N/A,https://etap.nsf.gov,N/A,unknown,unknown,N/A,N/A,unknown,,unknown,,unknown,,unknown,2026-09-02,medium
632,632,2029,N/A,N/A,N/A,N/A,N/A,https://www.nsf.gov/awardsearch/showAward?AWD_ID=2548144,N/A,unknown,unknown,N/A,N/A,unknown,,unknown,,unknown,,unknown,2026-09-02,medium
633,633,2029,N/A,N/A,N/A,N/A,N/A,https://www.nsf.gov/awardsearch/showAward?AWD_ID=2548156,N/A,unknown,unknown,N/A,N/A,unknown,,unknown,,unknown,,unknown,2026-09-02,medium
634,634,2029,10.0,N/A,N/A,N/A,N/A,https://www.nsf.gov/awardsearch/showAward?AWD_ID=2548158,N/A,unknown,unknown,N/A,N/A,unknown,,unknown,,unknown,,unknown,2026-09-02,medium
635,635,2029,10.0,N/A,N/A,N/A,N/A,https://www.nsf.gov/awardsearch/showAward?AWD_ID=2548160,N/A,unknown,unknown,N/A,N/A,unknown,,unknown,,unknown,,unknown,2026-09-02,medium
636,636,2029,N/A,N/A,N/A,N/A,N/A,https://www.nsf.gov/awardsearch/showAward?AWD_ID=2548161,N/A,unknown,unknown,N/A,N/A,unknown,,unknown,,unknown,,unknown,2026-09-02,medium
637,637,2029,12.0,N/A,N/A,N/A,N/A,https://www.nsf.gov/awardsearch/showAward?AWD_ID=2548167,N/A,unknown,unknown,N/A,N/A,unknown,,unknown,,unknown,,unknown,2026-09-02,medium
640,640,2029,10.0,N/A,N/A,N/A,N/A,https://etap.nsf.gov,N/A,unknown,unknown,N/A,N/A,unknown,,unknown,,unknown,,unknown,2026-09-02,medium
641,641,2029,10.0,N/A,N/A,N/A,N/A,https://etap.nsf.gov,N/A,unknown,unknown,N/A,N/A,unknown,,unknown,,unknown,,unknown,2026-09-02,medium
642,642,2029,8.0,N/A,N/A,N/A,N/A,https://www.nsf.gov/awardsearch/showAward?AWD_ID=2548181,N/A,unknown,unknown,N/A,N/A,unknown,,unknown,,unknown,,unknown,2026-09-02,medium
643,643,2029,N/A,N/A,N/A,N/A,N/A,https://etap.nsf.gov,N/A,unknown,unknown,N/A,N/A,unknown,,unknown,,unknown,,unknown,2026-09-02,medium
644,644,2029,N/A,N/A,N/A,N/A,N/A,https://www.nsf.gov/awardsearch/showAward?AWD_ID=2548190,N/A,unknown,unknown,N/A,N/A,unknown,,unknown,,unknown,,unknown,2026-09-02,medium
645,645,2029,10.0,N/A,N/A,N/A,N/A,https://etap.nsf.gov,N/A,unknown,unknown,N/A,N/A,unknown,,unknown,,unknown,,unknown,2026-09-02,medium
646,646,2029,10.0,N/A,N/A,N/A,N/A,https://www.nsf.gov/awardsearch/showAward?AWD_ID=2548192,N/A,unknown,unknown,N/A,N/A,unknown,,unknown,,unknown,,unknown,2026-09-02,medium
647,647,2029,N/A,N/A,N/A,N/A,N/A,https://www.nsf.gov/awardsearch/showAward?AWD_ID=2548196,N/A,unknown,unknown,N/A,N/A,unknown,,unknown,,unknown,,unknown,2026-09-02,medium
648,648,2029,10.0,N/A,N/A,N/A,N/A,https://www.nsf.gov/awardsearch/showAward?AWD_ID=2548201,N/A,unknown,unknown,N/A,N/A,unknown,,unknown,,unknown,,unknown,2026-09-02,medium
649,649,2029,N/A,N/A,N/A,N/A,N/A,https://www.nsf.gov/awardsearch/showAward?AWD_ID=2548211,N/A,unknown,unknown,N/A,N/A,unknown,,unknown,,unknown,,unknown,2026-09-02,medium
650,650,2029,9.0,N/A,N/A,N/A,N/A,https://www.nsf.gov/awardsearch/showAward?AWD_ID=2548233,N/A,unknown,unknown,N/A,N/A,unknown,,unknown,,unknown,,unknown,2026-09-02,medium
651,651,2029,10.0,N/A,N/A,N/A,N/A,https://etap.nsf.gov,N/A,unknown,unknown,N/A,N/A,unknown,,unknown,,unknown,,unknown,2026-09-02,medium
652,652,2029,10.0,N/A,N/A,N/A,N/A,https://etap.nsf.gov,N/A,unknown,unknown,N/A,N/A,unknown,,unknown,,unknown,,unknown,2026-09-02,medium
653,653,2029,10.0,N/A,N/A,N/A,N/A,https://www.nsf.gov/awardsearch/showAward?AWD_ID=2548270,N/A,unknown,unknown,N/A,N/A,unknown,,unknown,,unknown,,unknown,2026-09-02,medium
654,654,2029,10.0,N/A,N/A,N/A,N/A,https://www.nsf.gov/awardsearch/showAward?AWD_ID=2548271,N/A,unknown,unknown,N/A,N/A,unknown,,unknown,,unknown,,unknown,2026-09-02,medium
655,655,2029,10.0,N/A,N/A,N/A,N/A,https://etap.nsf.gov,N/A,unknown,unknown,N/A,N/A,unknown,,unknown,,unknown,,unknown,2026-09-02,medium
656,656,2029,10.0,N/A,N/A,N/A,N/A,https://www.nsf.gov/awardsearch/showAward?AWD_ID=2548274,N/A,unknown,unknown,N/A,N/A,unknown,,unknown,,unknown,,unknown,2026-09-02,medium
657,657,2029,N/A,N/A,N/A,N/A,N/A,https://www.nsf.gov/awardsearch/showAward?AWD_ID=2548275,N/A,unknown,unknown,N/A,N/A,unknown,,unknown,,unknown,,unknown,2026-09-02,medium
658,658,2029,10.0,N/A,N/A,N/A,N/A,https://www.nsf.gov/awardsearch/showAward?AWD_ID=2548278,N/A,unknown,unknown,N/A,N/A,unknown,,unknown,,unknown,,unknown,2026-09-02,medium
659,659,2029,10.0,N/A,N/A,N/A,N/A,https://www.nsf.gov/awardsearch/showAward?AWD_ID=2548283,N/A,unknown,unknown,N/A,N/A,unknown,,unknown,,unknown,,unknown,2026-09-02,medium
660,660,2029,N/A,N/A,N/A,N/A,N/A,https://www.nsf.gov/awardsearch/showAward?AWD_ID=2548314,N/A,unknown,unknown,N/A,N/A,unknown,,unknown,,unknown,,unknown,2026-09-02,medium
661,661,2029,10.0,N/A,N/A,N/A,N/A,https://www.nsf.gov/awardsearch/showAward?AWD_ID=2548324,N/A,unknown,unknown,N/A,N/A,unknown,,unknown,,unknown,,unknown,2026-09-02,medium
662,662,2029,9.0,N/A,N/A,N/A,N/A,https://www.nsf.gov/awardsearch/showAward?AWD_ID=2548326,N/A,unknown,unknown,N/A,N/A,unknown,,unknown,,unknown,,unknown,2026-09-02,medium
663,663,2029,10.0,N/A,N/A,N/A,N/A,https://www.nsf.gov/awardsearch/showAward?AWD_ID=2548331,N/A,unknown,unknown,N/A,N/A,unknown,,unknown,,unknown,,unknown,2026-09-02,medium
664,664,2029,N/A,N/A,N/A,N/A,N/A,https://www.nsf.gov/awardsearch/showAward?AWD_ID=2548335,N/A,unknown,unknown,N/A,N/A,unknown,,unknown,,unknown,,unknown,2026-09-02,medium
665,665,2029,N/A,N/A,N/A,N/A,N/A,https://www.nsf.gov/awardsearch/showAward?AWD_ID=2548336,N/A,unknown,unknown,N/A,N/A,unknown,,unknown,,unknown,,unknown,2026-09-02,medium
666,666,2029,10.0,N/A,N/A,N/A,N/A,https://etap.nsf.gov,N/A,unknown,unknown,N/A,N/A,unknown,,unknown,,unknown,,unknown,2026-09-02,medium
667,667,2029,N/A,N/A,N/A,N/A,N/A,https://www.nsf.gov/awardsearch/showAward?AWD_ID=2548349,N/A,unknown,unknown,N/A,N/A,unknown,,unknown,,unknown,,unknown,2026-09-02,medium
669,669,2029,N/A,N/A,N/A,N/A,N/A,https://www.nsf.gov/awardsearch/showAward?AWD_ID=2548357,N/A,unknown,unknown,N/A,N/A,unknown,,unknown,,unknown,,unknown,2026-09-02,medium
670,670,2029,10.0,N/A,N/A,N/A,N/A,https://www.nsf.gov/awardsearch/showAward?AWD_ID=2548358,N/A,unknown,unknown,N/A,N/A,unknown,,unknown,,unknown,,unknown,2026-09-02,medium
671,671,2029,N/A,N/A,N/A,N/A,N/A,https://www.nsf.gov/awardsearch/showAward?AWD_ID=2548366,N/A,unknown,unknown,N/A,N/A,unknown,,unknown,,unknown,,unknown,2026-09-02,medium
672,672,2029,N/A,N/A,N/A,N/A,N/A,https://www.nsf.gov/awardsearch/showAward?AWD_ID=2548369,N/A,unknown,unknown,N/A,N/A,unknown,,unknown,,unknown,,unknown,2026-09-02,medium
673,673,2029,10.0,N/A,N/A,N/A,N/A,https://www.nsf.gov/awardsearch/showAward?AWD_ID=2548377,N/A,unknown,unknown,N/A,N/A,unknown,,unknown,,unknown,,unknown,2026-09-02,medium
674,674,2029,10.0,N/A,N/A,N/A,N/A,https://www.nsf.gov/awardsearch/showAward?AWD_ID=2548378,N/A,unknown,unknown,N/A,N/A,unknown,,unknown,,unknown,,unknown,2026-09-02,medium
675,675,2029,10.0,N/A,N/A,N/A,N/A,https://etap.nsf.gov,N/A,unknown,unknown,N/A,N/A,unknown,,unknown,,unknown,,unknown,2026-09-02,medium
676,676,2029,10.0,N/A,N/A,N/A,N/A,https://www.nsf.gov/awardsearch/showAward?AWD_ID=2548388,N/A,unknown,unknown,N/A,N/A,unknown,,unknown,,unknown,,unknown,2026-09-02,medium
677,677,2029,10.0,N/A,N/A,N/A,N/A,https://www.nsf.gov/awardsearch/showAward?AWD_ID=2548392,N/A,unknown,unknown,N/A,N/A,unknown,,unknown,,unknown,,unknown,2026-09-02,medium
678,678,2029,N/A,N/A,N/A,N/A,N/A,https://www.nsf.gov/awardsearch/showAward?AWD_ID=2548395,N/A,unknown,unknown,N/A,N/A,unknown,,unknown,,unknown,,unknown,2026-09-02,medium
679,679,2029,N/A,N/A,N/A,N/A,N/A,https://www.nsf.gov/awardsearch/showAward?AWD_ID=2548396,N/A,unknown,unknown,N/A,N/A,unknown,,unknown,,unknown,,unknown,2026-09-02,medium
680,680,2029,8.0,N/A,N/A,N/A,N/A,https://etap.nsf.gov,N/A,unknown,unknown,N/A,N/A,unknown,,unknown,,unknown,,unknown,2026-09-02,medium
681,681,2029,10.0,N/A,N/A,N/A,N/A,https://www.nsf.gov/awardsearch/showAward?AWD_ID=2548398,N/A,unknown,unknown,N/A,N/A,unknown,,unknown,,unknown,,unknown,2026-09-02,medium
682,682,2029,10.0,N/A,N/A,N/A,N/A,https://www.nsf.gov/awardsearch/showAward?AWD_ID=2548401,N/A,unknown,unknown,N/A,N/A,unknown,,unknown,,unknown,,unknown,2026-09-02,medium
683,683,2029,N/A,N/A,N/A,N/A,N/A,https://www.nsf.gov/awardsearch/showAward?AWD_ID=2548403,N/A,unknown,unknown,N/A,N/A,unknown,,unknown,,unknown,,unknown,2026-09-02,medium
684,684,2029,N/A,N/A,N/A,N/A,N/A,https://www.nsf.gov/awardsearch/showAward?AWD_ID=2548404,N/A,unknown,unknown,N/A,N/A,unknown,,unknown,,unknown,,unknown,2026-09-02,medium
685,685,2029,N/A,N/A,N/A,N/A,N/A,https://www.nsf.gov/awardsearch/showAward?AWD_ID=2548405,N/A,unknown,unknown,N/A,N/A,unknown,,unknown,,unknown,,unknown,2026-09-02,medium
686,686,2029,10.0,N/A,N/A,N/A,N/A,https://www.nsf.gov/awardsearch/showAward?AWD_ID=2548409,N/A,unknown,unknown,N/A,N/A,unknown,,unknown,,unknown,,unknown,2026-09-02,medium
687,687,2029,N/A,N/A,N/A,N/A,N/A,https://www.nsf.gov/awardsearch/showAward?AWD_ID=2548411,N/A,unknown,unknown,N/A,N/A,unknown,,unknown,,unknown,,unknown,2026-09-02,medium
688,688,2029,10.0,N/A,N/A,N/A,N/A,https://etap.nsf.gov,N/A,unknown,unknown,N/A,N/A,unknown,,unknown,,unknown,,unknown,2026-09-02,medium
689,689,2029,10.0,N/A,N/A,N/A,N/A,https://etap.nsf.gov,N/A,unknown,unknown,N/A,N/A,unknown,,unknown,,unknown,,unknown,2026-09-02,medium
690,690,2029,10.0,N/A,N/A,N/A,N/A,https://etap.nsf.gov,N/A,unknown,unknown,N/A,N/A,unknown,,unknown,,unknown,,unknown,2026-09-02,medium
691,691,2029,10.0,N/A,N/A,N/A,N/A,https://etap.nsf.gov,N/A,unknown,unknown,N/A,N/A,unknown,,unknown,,unknown,,unknown,2026-09-02,medium
692,692,2029,N/A,N/A,N/A,N/A,N/A,https://www.nsf.gov/awardsearch/showAward?AWD_ID=2548463,N/A,unknown,unknown,N/A,N/A,unknown,,unknown,,unknown,,unknown,2026-09-02,medium
693,693,2029,10.0,N/A,N/A,N/A,N/A,https://www.nsf.gov/awardsearch/showAward?AWD_ID=2548464,N/A,unknown,unknown,N/A,N/A,unknown,,unknown,,unknown,,unknown,2026-09-02,medium
694,694,2029,N/A,N/A,N/A,N/A,N/A,https://www.nsf.gov/awardsearch/showAward?AWD_ID=2548467,N/A,unknown,unknown,N/A,N/A,unknown,,unknown,,unknown,,unknown,2026-09-02,medium
695,695,2029,N/A,N/A,N/A,N/A,N/A,https://www.nsf.gov/awardsearch/showAward?AWD_ID=2548476,N/A,unknown,unknown,N/A,N/A,unknown,,unknown,,unknown,,unknown,2026-09-02,medium
696,696,2029,9.0,N/A,N/A,N/A,N/A,https://www.nsf.gov/awardsearch/showAward?AWD_ID=2548483,N/A,unknown,unknown,N/A,N/A,unknown,,unknown,,unknown,,unknown,2026-09-02,medium
697,697,2029,10.0,N/A,N/A,N/A,N/A,https://www.nsf.gov/awardsearch/showAward?AWD_ID=2548498,N/A,unknown,unknown,N/A,N/A,unknown,,unknown,,unknown,,unknown,2026-09-02,medium
698,698,2029,N/A,N/A,N/A,N/A,N/A,https://www.nsf.gov/awardsearch/showAward?AWD_ID=2548506,N/A,unknown,unknown,N/A,N/A,unknown,,unknown,,unknown,,unknown,2026-09-02,medium
699,699,2029,N/A,N/A,N/A,N/A,N/A,https://www.nsf.gov/awardsearch/showAward?AWD_ID=2548509,N/A,unknown,unknown,N/A,N/A,unknown,,unknown,,unknown,,unknown,2026-09-02,medium
701,701,2029,N/A,N/A,N/A,N/A,N/A,https://www.nsf.gov/awardsearch/showAward?AWD_ID=2548511,N/A,unknown,unknown,N/A,N/A,unknown,,unknown,,unknown,,unknown,2026-09-02,medium
703,703,2029,N/A,N/A,N/A,N/A,N/A,https://www.nsf.gov/awardsearch/showAward?AWD_ID=2612481,N/A,unknown,unknown,N/A,N/A,unknown,,unknown,,unknown,,unknown,2026-09-02,medium
100,100,2028,N/A,N/A,N/A,N/A,N/A,https://www.nsf.gov/awardsearch/showAward?AWD_ID=2243938,N/A,unknown,unknown,N/A,N/A,unknown,,unknown,,unknown,,unknown,2026-09-02,medium
112,112,2028,10.0,N/A,N/A,N/A,N/A,https://www.nsf.gov/awardsearch/showAward?AWD_ID=2243999,N/A,unknown,unknown,N/A,N/A,unknown,,unknown,,unknown,,unknown,2026-09-02,medium
154,154,2028,N/A,N/A,N/A,N/A,N/A,https://www.nsf.gov/awardsearch/showAward?AWD_ID=2244272,N/A,unknown,unknown,N/A,N/A,unknown,,unknown,,unknown,,unknown,2026-09-02,medium
181,181,2028,10.0,N/A,N/A,N/A,N/A,https://www.nsf.gov/awardsearch/showAward?AWD_ID=2244445,N/A,unknown,unknown,N/A,N/A,unknown,,unknown,,unknown,,unknown,2026-09-02,medium
225,225,2028,10.0,N/A,N/A,N/A,N/A,https://www.nsf.gov/awardsearch/showAward?AWD_ID=2348780,N/A,unknown,unknown,N/A,N/A,unknown,,unknown,,unknown,,unknown,2026-09-02,medium
228,228,2028,N/A,N/A,N/A,N/A,N/A,https://www.nsf.gov/awardsearch/showAward?AWD_ID=2348814,N/A,unknown,unknown,N/A,N/A,unknown,,unknown,,unknown,,unknown,2026-09-02,medium
245,245,2028,10.0,N/A,N/A,N/A,N/A,https://www.nsf.gov/awardsearch/showAward?AWD_ID=2348977,N/A,unknown,unknown,N/A,N/A,unknown,,unknown,,unknown,,unknown,2026-09-02,medium
248,248,2028,N/A,N/A,N/A,N/A,N/A,https://www.nsf.gov/awardsearch/showAward?AWD_ID=2348993,N/A,unknown,unknown,N/A,N/A,unknown,,unknown,,unknown,,unknown,2026-09-02,medium
250,250,2028,N/A,N/A,N/A,N/A,N/A,https://www.nsf.gov/awardsearch/showAward?AWD_ID=2348998,N/A,unknown,unknown,N/A,N/A,unknown,,unknown,,unknown,,unknown,2026-09-02,medium
251,251,2028,N/A,N/A,N/A,N/A,N/A,https://www.nsf.gov/awardsearch/showAward?AWD_ID=2348999,N/A,unknown,unknown,N/A,N/A,unknown,,unknown,,unknown,,unknown,2026-09-02,medium
281,281,2028,10.0,N/A,N/A,N/A,N/A,https://www.nsf.gov/awardsearch/showAward?AWD_ID=2349177,N/A,unknown,unknown,N/A,N/A,unknown,,unknown,,unknown,,unknown,2026-09-02,medium
315,315,2028,10.0,N/A,N/A,N/A,N/A,https://www.nsf.gov/awardsearch/showAward?AWD_ID=2349311,N/A,unknown,unknown,N/A,N/A,unknown,,unknown,,unknown,,unknown,2026-09-02,medium
321,321,2028,10.0,N/A,N/A,N/A,N/A,https://www.nsf.gov/awardsearch/showAward?AWD_ID=2349342,N/A,unknown,unknown,N/A,N/A,unknown,,unknown,,unknown,,unknown,2026-09-02,medium
329,329,2028,N/A,N/A,N/A,N/A,N/A,https://www.nsf.gov/awardsearch/showAward?AWD_ID=2349378,N/A,unknown,unknown,N/A,N/A,unknown,,unknown,,unknown,,unknown,2026-09-02,medium
338,338,2028,10.0,N/A,N/A,N/A,N/A,https://www.nsf.gov/awardsearch/showAward?AWD_ID=2349426,N/A,unknown,unknown,N/A,N/A,unknown,,unknown,,unknown,,unknown,2026-09-02,medium
345,345,2028,10.0,N/A,N/A,N/A,N/A,https://etap.nsf.gov,N/A,unknown,unknown,N/A,N/A,unknown,,unknown,,unknown,,unknown,2026-09-02,medium
348,348,2028,10.0,N/A,N/A,N/A,N/A,https://www.nsf.gov/awardsearch/showAward?AWD_ID=2349468,N/A,unknown,unknown,N/A,N/A,unknown,,unknown,,unknown,,unknown,2026-09-02,medium
353,353,2028,10.0,N/A,N/A,N/A,N/A,https://www.nsf.gov/awardsearch/showAward?AWD_ID=2349522,N/A,unknown,unknown,N/A,N/A,unknown,,unknown,,unknown,,unknown,2026-09-02,medium
355,355,2028,N/A,N/A,N/A,N/A,N/A,https://www.nsf.gov/awardsearch/showAward?AWD_ID=2349543,N/A,unknown,unknown,N/A,N/A,unknown,,unknown,,unknown,,unknown,2026-09-02,medium
390,390,2028,N/A,N/A,N/A,N/A,N/A,https://www.nsf.gov/awardsearch/showAward?AWD_ID=2349747,N/A,unknown,unknown,N/A,N/A,unknown,,unknown,,unknown,,unknown,2026-09-02,medium
400,400,2028,10.0,N/A,N/A,N/A,N/A,https://www.nsf.gov/awardsearch/showAward?AWD_ID=2349858,N/A,unknown,unknown,N/A,N/A,unknown,,unknown,,unknown,,unknown,2026-09-02,medium
405,405,2028,N/A,N/A,N/A,N/A,N/A,https://www.nsf.gov/awardsearch/showAward?AWD_ID=2439984,N/A,unknown,unknown,N/A,N/A,unknown,,unknown,,unknown,,unknown,2026-09-02,medium
406,406,2028,10.0,N/A,N/A,N/A,N/A,https://etap.nsf.gov,N/A,unknown,unknown,N/A,N/A,unknown,,unknown,,unknown,,unknown,2026-09-02,medium
407,407,2028,10.0,N/A,N/A,N/A,N/A,https://etap.nsf.gov,N/A,unknown,unknown,N/A,N/A,unknown,,unknown,,unknown,,unknown,2026-09-02,medium
408,408,2028,N/A,N/A,N/A,N/A,N/A,https://www.nsf.gov/awardsearch/showAward?AWD_ID=2445028,N/A,unknown,unknown,N/A,N/A,unknown,,unknown,,unknown,,unknown,2026-09-02,medium
409,409,2028,10.0,N/A,N/A,N/A,N/A,https://www.nsf.gov/awardsearch/showAward?AWD_ID=2445516,N/A,unknown,unknown,N/A,N/A,unknown,,unknown,,unknown,,unknown,2026-09-02,medium
410,410,2028,10.0,N/A,N/A,N/A,N/A,https://www.nsf.gov/awardsearch/showAward?AWD_ID=2445518,N/A,unknown,unknown,N/A,N/A,unknown,,unknown,,unknown,,unknown,2026-09-02,medium
411,411,2028,10.0,N/A,N/A,N/A,N/A,https://etap.nsf.gov,N/A,unknown,unknown,N/A,N/A,unknown,,unknown,,unknown,,unknown,2026-09-02,medium
412,412,2028,N/A,N/A,N/A,N/A,N/A,https://etap.nsf.gov,N/A,unknown,unknown,N/A,N/A,unknown,,unknown,,unknown,,unknown,2026-09-02,medium
413,413,2028,9.0,N/A,N/A,N/A,N/A,https://etap.nsf.gov,N/A,unknown,unknown,N/A,N/A,unknown,,unknown,,unknown,,unknown,2026-09-02,medium
414,414,2028,N/A,N/A,N/A,N/A,N/A,https://www.nsf.gov/awardsearch/showAward?AWD_ID=2446392,N/A,unknown,unknown,N/A,N/A,unknown,,unknown,,unknown,,unknown,2026-09-02,medium
415,415,2028,10.0,N/A,N/A,N/A,N/A,https://www.nsf.gov/awardsearch/showAward?AWD_ID=2446590,N/A,unknown,unknown,N/A,N/A,unknown,,unknown,,unknown,,unknown,2026-09-02,medium
416,416,2028,10.0,N/A,N/A,N/A,N/A,https://www.nsf.gov/awardsearch/showAward?AWD_ID=2446653,N/A,unknown,unknown,N/A,N/A,unknown,,unknown,,unknown,,unknown,2026-09-02,medium
417,417,2028,9.0,N/A,N/A,N/A,N/A,https://www.nsf.gov/awardsearch/showAward?AWD_ID=2446660,N/A,unknown,unknown,N/A,N/A,unknown,,unknown,,unknown,,unknown,2026-09-02,medium
418,418,2028,10.0,N/A,N/A,N/A,N/A,https://www.nsf.gov/awardsearch/showAward?AWD_ID=2446741,N/A,unknown,unknown,N/A,N/A,unknown,,unknown,,unknown,,unknown,2026-09-02,medium
419,419,2028,10.0,N/A,N/A,N/A,N/A,https://www.nsf.gov/awardsearch/showAward?AWD_ID=2446742,N/A,unknown,unknown,N/A,N/A,unknown,,unknown,,unknown,,unknown,2026-09-02,medium
420,420,2028,10.0,N/A,N/A,N/A,N/A,https://www.nsf.gov/awardsearch/showAward?AWD_ID=2446787,N/A,unknown,unknown,N/A,N/A,unknown,,unknown,,unknown,,unknown,2026-09-02,medium
421,421,2028,10.0,N/A,N/A,N/A,N/A,https://www.nsf.gov/awardsearch/showAward?AWD_ID=2446824,N/A,unknown,unknown,N/A,N/A,unknown,,unknown,,unknown,,unknown,2026-09-02,medium
422,422,2028,N/A,N/A,N/A,N/A,N/A,https://www.nsf.gov/awardsearch/showAward?AWD_ID=2446866,N/A,unknown,unknown,N/A,N/A,unknown,,unknown,,unknown,,unknown,2026-09-02,medium
424,424,2028,N/A,N/A,N/A,N/A,N/A,https://www.nsf.gov/awardsearch/showAward?AWD_ID=2446908,N/A,unknown,unknown,N/A,N/A,unknown,,unknown,,unknown,,unknown,2026-09-02,medium
425,425,2028,10.0,N/A,N/A,N/A,N/A,https://etap.nsf.gov,N/A,unknown,unknown,N/A,N/A,unknown,,unknown,,unknown,,unknown,2026-09-02,medium
426,426,2028,9.0,N/A,N/A,N/A,N/A,https://www.nsf.gov/awardsearch/showAward?AWD_ID=2446949,N/A,unknown,unknown,N/A,N/A,unknown,,unknown,,unknown,,unknown,2026-09-02,medium
427,427,2028,1.0,N/A,N/A,N/A,N/A,https://www.nsf.gov/awardsearch/showAward?AWD_ID=2446952,N/A,unknown,unknown,N/A,N/A,unknown,,unknown,,unknown,,unknown,2026-09-02,medium
428,428,2028,N/A,N/A,N/A,N/A,N/A,https://www.nsf.gov/awardsearch/showAward?AWD_ID=2446983,N/A,unknown,unknown,N/A,N/A,unknown,,unknown,,unknown,,unknown,2026-09-02,medium
429,429,2028,N/A,N/A,N/A,N/A,N/A,https://www.nsf.gov/awardsearch/showAward?AWD_ID=2447023,N/A,unknown,unknown,N/A,N/A,unknown,,unknown,,unknown,,unknown,2026-09-02,medium
430,430,2028,N/A,N/A,N/A,N/A,N/A,https://www.nsf.gov/awardsearch/showAward?AWD_ID=2447041,N/A,unknown,unknown,N/A,N/A,unknown,,unknown,,unknown,,unknown,2026-09-02,medium
431,431,2028,10.0,N/A,N/A,N/A,N/A,https://www.nsf.gov/awardsearch/showAward?AWD_ID=2447096,N/A,unknown,unknown,N/A,N/A,unknown,,unknown,,unknown,,unknown,2026-09-02,medium
432,432,2028,10.0,N/A,N/A,N/A,N/A,https://etap.nsf.gov,N/A,unknown,unknown,N/A,N/A,unknown,,unknown,,unknown,,unknown,2026-09-02,medium
433,433,2028,10.0,N/A,N/A,N/A,N/A,https://www.nsf.gov/awardsearch/showAward?AWD_ID=2447137,N/A,unknown,unknown,N/A,N/A,unknown,,unknown,,unknown,,unknown,2026-09-02,medium
434,434,2028,N/A,N/A,N/A,N/A,N/A,https://www.nsf.gov/awardsearch/showAward?AWD_ID=2447145,N/A,unknown,unknown,N/A,N/A,unknown,,unknown,,unknown,,unknown,2026-09-02,medium
435,435,2028,8.0,N/A,N/A,N/A,N/A,https://www.nsf.gov/awardsearch/showAward?AWD_ID=2447155,N/A,unknown,unknown,N/A,N/A,unknown,,unknown,,unknown,,unknown,2026-09-02,medium
436,436,2028,11.0,N/A,N/A,N/A,N/A,https://etap.nsf.gov,N/A,unknown,unknown,N/A,N/A,unknown,,unknown,,unknown,,unknown,2026-09-02,medium
437,437,2028,10.0,N/A,N/A,N/A,N/A,https://www.nsf.gov/awardsearch/showAward?AWD_ID=2447188,N/A,unknown,unknown,N/A,N/A,unknown,,unknown,,unknown,,unknown,2026-09-02,medium
438,438,2028,N/A,N/A,N/A,N/A,N/A,https://www.nsf.gov/awardsearch/showAward?AWD_ID=2447190,N/A,unknown,unknown,N/A,N/A,unknown,,unknown,,unknown,,unknown,2026-09-02,medium
439,439,2028,N/A,N/A,N/A,N/A,N/A,https://www.nsf.gov/awardsearch/showAward?AWD_ID=2447191,N/A,unknown,unknown,N/A,N/A,unknown,,unknown,,unknown,,unknown,2026-09-02,medium
440,440,2028,10.0,N/A,N/A,N/A,N/A,https://www.nsf.gov/awardsearch/showAward?AWD_ID=2447200,N/A,unknown,unknown,N/A,N/A,unknown,,unknown,,unknown,,unknown,2026-09-02,medium
441,441,2028,N/A,N/A,N/A,N/A,N/A,https://www.nsf.gov/awardsearch/showAward?AWD_ID=2447228,N/A,unknown,unknown,N/A,N/A,unknown,,unknown,,unknown,,unknown,2026-09-02,medium
442,442,2028,8.0,N/A,N/A,N/A,N/A,https://www.nsf.gov/awardsearch/showAward?AWD_ID=2447229,N/A,unknown,unknown,N/A,N/A,unknown,,unknown,,unknown,,unknown,2026-09-02,medium
443,443,2028,10.0,N/A,N/A,N/A,N/A,https://www.nsf.gov/awardsearch/showAward?AWD_ID=2447234,N/A,unknown,unknown,N/A,N/A,unknown,,unknown,,unknown,,unknown,2026-09-02,medium
444,444,2028,10.0,N/A,N/A,N/A,N/A,https://www.nsf.gov/awardsearch/showAward?AWD_ID=2447266,N/A,unknown,unknown,N/A,N/A,unknown,,unknown,,unknown,,unknown,2026-09-02,medium
445,445,2028,9.0,N/A,N/A,N/A,N/A,https://www.nsf.gov/awardsearch/showAward?AWD_ID=2447289,N/A,unknown,unknown,N/A,N/A,unknown,,unknown,,unknown,,unknown,2026-09-02,medium
446,446,2028,10.0,N/A,N/A,N/A,N/A,https://etap.nsf.gov,N/A,unknown,unknown,N/A,N/A,unknown,,unknown,,unknown,,unknown,2026-09-02,medium
447,447,2028,N/A,N/A,N/A,N/A,N/A,https://www.nsf.gov/awardsearch/showAward?AWD_ID=2447303,N/A,unknown,unknown,N/A,N/A,unknown,,unknown,,unknown,,unknown,2026-09-02,medium
448,448,2028,N/A,N/A,N/A,N/A,N/A,https://www.nsf.gov/awardsearch/showAward?AWD_ID=2447304,N/A,unknown,unknown,N/A,N/A,unknown,,unknown,,unknown,,unknown,2026-09-02,medium
449,449,2028,10.0,N/A,N/A,N/A,N/A,https://etap.nsf.gov,N/A,unknown,unknown,N/A,N/A,unknown,,unknown,,unknown,,unknown,2026-09-02,medium
450,450,2028,10.0,N/A,N/A,N/A,N/A,https://www.nsf.gov/awardsearch/showAward?AWD_ID=2447307,N/A,unknown,unknown,N/A,N/A,unknown,,unknown,,unknown,,unknown,2026-09-02,medium
451,451,2028,8.0,N/A,N/A,N/A,N/A,https://www.nsf.gov/awardsearch/showAward?AWD_ID=2447314,N/A,unknown,unknown,N/A,N/A,unknown,,unknown,,unknown,,unknown,2026-09-02,medium
452,452,2028,N/A,N/A,N/A,N/A,N/A,https://www.nsf.gov/awardsearch/showAward?AWD_ID=2447320,N/A,unknown,unknown,N/A,N/A,unknown,,unknown,,unknown,,unknown,2026-09-02,medium
453,453,2028,10.0,N/A,N/A,N/A,N/A,https://www.nsf.gov/awardsearch/showAward?AWD_ID=2447323,N/A,unknown,unknown,N/A,N/A,unknown,,unknown,,unknown,,unknown,2026-09-02,medium
454,454,2028,8.0,N/A,N/A,N/A,N/A,https://www.nsf.gov/awardsearch/showAward?AWD_ID=2447324,N/A,unknown,unknown,N/A,N/A,unknown,,unknown,,unknown,,unknown,2026-09-02,medium
455,455,2028,N/A,N/A,N/A,N/A,N/A,https://www.nsf.gov/awardsearch/showAward?AWD_ID=2447342,N/A,unknown,unknown,N/A,N/A,unknown,,unknown,,unknown,,unknown,2026-09-02,medium
456,456,2028,N/A,N/A,N/A,N/A,N/A,https://www.nsf.gov/awardsearch/showAward?AWD_ID=2447359,N/A,unknown,unknown,N/A,N/A,unknown,,unknown,,unknown,,unknown,2026-09-02,medium
457,457,2028,N/A,N/A,N/A,N/A,N/A,https://www.nsf.gov/awardsearch/showAward?AWD_ID=2447368,N/A,unknown,unknown,N/A,N/A,unknown,,unknown,,unknown,,unknown,2026-09-02,medium
458,458,2028,N/A,N/A,N/A,N/A,N/A,https://www.nsf.gov/awardsearch/showAward?AWD_ID=2447373,N/A,unknown,unknown,N/A,N/A,unknown,,unknown,,unknown,,unknown,2026-09-02,medium
459,459,2028,10.0,N/A,N/A,N/A,N/A,https://etap.nsf.gov,N/A,unknown,unknown,N/A,N/A,unknown,,unknown,,unknown,,unknown,2026-09-02,medium
460,460,2028,N/A,N/A,N/A,N/A,N/A,https://www.nsf.gov/awardsearch/showAward?AWD_ID=2447389,N/A,unknown,unknown,N/A,N/A,unknown,,unknown,,unknown,,unknown,2026-09-02,medium
461,461,2028,N/A,N/A,N/A,N/A,N/A,https://www.nsf.gov/awardsearch/showAward?AWD_ID=2447390,N/A,unknown,unknown,N/A,N/A,unknown,,unknown,,unknown,,unknown,2026-09-02,medium
463,463,2028,10.0,N/A,N/A,N/A,N/A,https://etap.nsf.gov,N/A,unknown,unknown,N/A,N/A,unknown,,unknown,,unknown,,unknown,2026-09-02,medium
464,464,2028,9.0,N/A,N/A,N/A,N/A,https://www.nsf.gov/awardsearch/showAward?AWD_ID=2447415,N/A,unknown,unknown,N/A,N/A,unknown,,unknown,,unknown,,unknown,2026-09-02,medium
465,465,2028,10.0,N/A,N/A,N/A,N/A,https://etap.nsf.gov,N/A,unknown,unknown,N/A,N/A,unknown,,unknown,,unknown,,unknown,2026-09-02,medium
466,466,2028,10.0,N/A,N/A,N/A,N/A,https://www.nsf.gov/awardsearch/showAward?AWD_ID=2447431,N/A,unknown,unknown,N/A,N/A,unknown,,unknown,,unknown,,unknown,2026-09-02,medium
467,467,2028,N/A,N/A,N/A,N/A,N/A,https://www.nsf.gov/awardsearch/showAward?AWD_ID=2447437,N/A,unknown,unknown,N/A,N/A,unknown,,unknown,,unknown,,unknown,2026-09-02,medium
468,468,2028,N/A,N/A,N/A,N/A,N/A,https://www.nsf.gov/awardsearch/showAward?AWD_ID=2447440,N/A,unknown,unknown,N/A,N/A,unknown,,unknown,,unknown,,unknown,2026-09-02,medium
469,469,2028,3.0,N/A,N/A,N/A,N/A,https://www.nsf.gov/awardsearch/showAward?AWD_ID=2447441,N/A,unknown,unknown,N/A,N/A,unknown,,unknown,,unknown,,unknown,2026-09-02,medium
470,470,2028,10.0,N/A,N/A,N/A,N/A,https://etap.nsf.gov,N/A,unknown,unknown,N/A,N/A,unknown,,unknown,,unknown,,unknown,2026-09-02,medium
471,471,2028,10.0,N/A,N/A,N/A,N/A,https://www.nsf.gov/awardsearch/showAward?AWD_ID=2447444,N/A,unknown,unknown,N/A,N/A,unknown,,unknown,,unknown,,unknown,2026-09-02,medium
472,472,2028,N/A,N/A,N/A,N/A,N/A,https://www.nsf.gov/awardsearch/showAward?AWD_ID=2447453,N/A,unknown,unknown,N/A,N/A,unknown,,unknown,,unknown,,unknown,2026-09-02,medium
473,473,2028,10.0,N/A,N/A,N/A,N/A,https://www.nsf.gov/awardsearch/showAward?AWD_ID=2447455,N/A,unknown,unknown,N/A,N/A,unknown,,unknown,,unknown,,unknown,2026-09-02,medium
474,474,2028,10.0,N/A,N/A,N/A,N/A,https://www.nsf.gov/awardsearch/showAward?AWD_ID=2447466,N/A,unknown,unknown,N/A,N/A,unknown,,unknown,,unknown,,unknown,2026-09-02,medium
475,475,2028,10.0,N/A,N/A,N/A,N/A,https://www.nsf.gov/awardsearch/showAward?AWD_ID=2447479,N/A,unknown,unknown,N/A,N/A,unknown,,unknown,,unknown,,unknown,2026-09-02,medium
476,476,2028,10.0,N/A,N/A,N/A,N/A,https://www.nsf.gov/awardsearch/showAward?AWD_ID=2447482,N/A,unknown,unknown,N/A,N/A,unknown,,unknown,,unknown,,unknown,2026-09-02,medium
477,477,2028,10.0,N/A,N/A,N/A,N/A,https://www.nsf.gov/awardsearch/showAward?AWD_ID=2447491,N/A,unknown,unknown,N/A,N/A,unknown,,unknown,,unknown,,unknown,2026-09-02,medium
478,478,2028,10.0,N/A,N/A,N/A,N/A,https://etap.nsf.gov,N/A,unknown,unknown,N/A,N/A,unknown,,unknown,,unknown,,unknown,2026-09-02,medium
479,479,2028,N/A,N/A,N/A,N/A,N/A,https://www.nsf.gov/awardsearch/showAward?AWD_ID=2447499,N/A,unknown,unknown,N/A,N/A,unknown,,unknown,,unknown,,unknown,2026-09-02,medium
480,480,2028,10.0,N/A,N/A,N/A,N/A,https://www.nsf.gov/awardsearch/showAward?AWD_ID=2447503,N/A,unknown,unknown,N/A,N/A,unknown,,unknown,,unknown,,unknown,2026-09-02,medium
481,481,2028,N/A,N/A,N/A,N/A,N/A,https://www.nsf.gov/awardsearch/showAward?AWD_ID=2447504,N/A,unknown,unknown,N/A,N/A,unknown,,unknown,,unknown,,unknown,2026-09-02,medium
482,482,2028,10.0,N/A,N/A,N/A,N/A,https://www.nsf.gov/awardsearch/showAward?AWD_ID=2447518,N/A,unknown,unknown,N/A,N/A,unknown,,unknown,,unknown,,unknown,2026-09-02,medium
483,483,2028,10.0,N/A,N/A,N/A,N/A,https://www.nsf.gov/awardsearch/showAward?AWD_ID=2447519,N/A,unknown,unknown,N/A,N/A,unknown,,unknown,,unknown,,unknown,2026-09-02,medium
484,484,2028,10.0,N/A,N/A,N/A,N/A,https://etap.nsf.gov,N/A,unknown,unknown,N/A,N/A,unknown,,unknown,,unknown,,unknown,2026-09-02,medium
485,485,2028,N/A,N/A,N/A,N/A,N/A,https://www.nsf.gov/awardsearch/showAward?AWD_ID=2447543,N/A,unknown,unknown,N/A,N/A,unknown,,unknown,,unknown,,unknown,2026-09-02,medium
487,487,2028,10.0,N/A,N/A,N/A,N/A,https://www.nsf.gov/awardsearch/showAward?AWD_ID=2447549,N/A,unknown,unknown,N/A,N/A,unknown,,unknown,,unknown,,unknown,2026-09-02,medium
488,488,2028,8.0,N/A,N/A,N/A,N/A,https://www.nsf.gov/awardsearch/showAward?AWD_ID=2447563,N/A,unknown,unknown,N/A,N/A,unknown,,unknown,,unknown,,unknown,2026-09-02,medium
489,489,2028,10.0,N/A,N/A,N/A,N/A,https://www.nsf.gov/awardsearch/showAward?AWD_ID=2447571,N/A,unknown,unknown,N/A,N/A,unknown,,unknown,,unknown,,unknown,2026-09-02,medium
490,490,2028,N/A,N/A,N/A,N/A,N/A,https://www.nsf.gov/awardsearch/showAward?AWD_ID=2447577,N/A,unknown,unknown,N/A,N/A,unknown,,unknown,,unknown,,unknown,2026-09-02,medium
491,491,2028,10.0,N/A,N/A,N/A,N/A,https://etap.nsf.gov,N/A,unknown,unknown,N/A,N/A,unknown,,unknown,,unknown,,unknown,2026-09-02,medium
492,492,2028,10.0,N/A,N/A,N/A,N/A,https://etap.nsf.gov,N/A,unknown,unknown,N/A,N/A,unknown,,unknown,,unknown,,unknown,2026-09-02,medium
493,493,2028,N/A,N/A,N/A,N/A,N/A,https://www.nsf.gov/awardsearch/showAward?AWD_ID=2447585,N/A,unknown,unknown,N/A,N/A,unknown,,unknown,,unknown,,unknown,2026-09-02,medium
494,494,2028,10.0,N/A,N/A,N/A,N/A,https://etap.nsf.gov,N/A,unknown,unknown,N/A,N/A,unknown,,unknown,,unknown,,unknown,2026-09-02,medium
495,495,2028,10.0,N/A,N/A,N/A,N/A,https://www.nsf.gov/awardsearch/showAward?AWD_ID=2447596,N/A,unknown,unknown,N/A,N/A,unknown,,unknown,,unknown,,unknown,2026-09-02,medium
496,496,2028,10.0,N/A,N/A,N/A,N/A,https://www.nsf.gov/awardsearch/showAward?AWD_ID=2447602,N/A,unknown,unknown,N/A,N/A,unknown,,unknown,,unknown,,unknown,2026-09-02,medium
497,497,2028,N/A,N/A,N/A,N/A,N/A,https://www.nsf.gov/awardsearch/showAward?AWD_ID=2447604,N/A,unknown,unknown,N/A,N/A,unknown,,unknown,,unknown,,unknown,2026-09-02,medium
498,498,2028,8.0,N/A,N/A,N/A,N/A,https://www.nsf.gov/awardsearch/showAward?AWD_ID=2447606,N/A,unknown,unknown,N/A,N/A,unknown,,unknown,,unknown,,unknown,2026-09-02,medium
499,499,2028,N/A,N/A,N/A,N/A,N/A,https://www.nsf.gov/awardsearch/showAward?AWD_ID=2447607,N/A,unknown,unknown,N/A,N/A,unknown,,unknown,,unknown,,unknown,2026-09-02,medium
500,500,2028,10.0,N/A,N/A,N/A,N/A,https://www.nsf.gov/awardsearch/showAward?AWD_ID=2447626,N/A,unknown,unknown,N/A,N/A,unknown,,unknown,,unknown,,unknown,2026-09-02,medium
501,501,2028,10.0,N/A,N/A,N/A,N/A,https://www.nsf.gov/awardsearch/showAward?AWD_ID=2447627,N/A,unknown,unknown,N/A,N/A,unknown,,unknown,,unknown,,unknown,2026-09-02,medium
503,503,2028,10.0,N/A,N/A,N/A,N/A,https://www.nsf.gov/awardsearch/showAward?AWD_ID=2447633,N/A,unknown,unknown,N/A,N/A,unknown,,unknown,,unknown,,unknown,2026-09-02,medium
504,504,2028,N/A,N/A,N/A,N/A,N/A,https://www.nsf.gov/awardsearch/showAward?AWD_ID=2447634,N/A,unknown,unknown,N/A,N/A,unknown,,unknown,,unknown,,unknown,2026-09-02,medium
505,505,2028,N/A,N/A,N/A,N/A,N/A,https://www.nsf.gov/awardsearch/showAward?AWD_ID=2447635,N/A,unknown,unknown,N/A,N/A,unknown,,unknown,,unknown,,unknown,2026-09-02,medium
506,506,2028,N/A,N/A,N/A,N/A,N/A,https://www.nsf.gov/awardsearch/showAward?AWD_ID=2447636,N/A,unknown,unknown,N/A,N/A,unknown,,unknown,,unknown,,unknown,2026-09-02,medium
507,507,2028,10.0,N/A,N/A,N/A,N/A,https://www.nsf.gov/awardsearch/showAward?AWD_ID=2447639,N/A,unknown,unknown,N/A,N/A,unknown,,unknown,,unknown,,unknown,2026-09-02,medium
509,509,2028,8.0,N/A,N/A,N/A,N/A,https://www.nsf.gov/awardsearch/showAward?AWD_ID=2447649,N/A,unknown,unknown,N/A,N/A,unknown,,unknown,,unknown,,unknown,2026-09-02,medium
510,510,2028,10.0,N/A,N/A,N/A,N/A,https://www.nsf.gov/awardsearch/showAward?AWD_ID=2447656,N/A,unknown,unknown,N/A,N/A,unknown,,unknown,,unknown,,unknown,2026-09-02,medium
511,511,2028,N/A,N/A,N/A,N/A,N/A,https://www.nsf.gov/awardsearch/showAward?AWD_ID=2447659,N/A,unknown,unknown,N/A,N/A,unknown,,unknown,,unknown,,unknown,2026-09-02,medium
512,512,2028,N/A,N/A,N/A,N/A,N/A,https://www.nsf.gov/awardsearch/showAward?AWD_ID=2447660,N/A,unknown,unknown,N/A,N/A,unknown,,unknown,,unknown,,unknown,2026-09-02,medium
513,513,2028,10.0,N/A,N/A,N/A,N/A,https://www.nsf.gov/awardsearch/showAward?AWD_ID=2447667,N/A,unknown,unknown,N/A,N/A,unknown,,unknown,,unknown,,unknown,2026-09-02,medium
514,514,2028,10.0,N/A,N/A,N/A,N/A,https://etap.nsf.gov,N/A,unknown,unknown,N/A,N/A,unknown,,unknown,,unknown,,unknown,2026-09-02,medium
515,515,2028,N/A,N/A,N/A,N/A,N/A,https://www.nsf.gov/awardsearch/showAward?AWD_ID=2447670,N/A,unknown,unknown,N/A,N/A,unknown,,unknown,,unknown,,unknown,2026-09-02,medium
516,516,2028,10.0,N/A,N/A,N/A,N/A,https://www.nsf.gov/awardsearch/showAward?AWD_ID=2447674,N/A,unknown,unknown,N/A,N/A,unknown,,unknown,,unknown,,unknown,2026-09-02,medium
517,517,2028,8.0,N/A,N/A,N/A,N/A,https://www.nsf.gov/awardsearch/showAward?AWD_ID=2447675,N/A,unknown,unknown,N/A,N/A,unknown,,unknown,,unknown,,unknown,2026-09-02,medium
518,518,2028,9.0,N/A,N/A,N/A,N/A,https://www.nsf.gov/awardsearch/showAward?AWD_ID=2447683,N/A,unknown,unknown,N/A,N/A,unknown,,unknown,,unknown,,unknown,2026-09-02,medium
520,520,2028,10.0,N/A,N/A,N/A,N/A,https://etap.nsf.gov,N/A,unknown,unknown,N/A,N/A,unknown,,unknown,,unknown,,unknown,2026-09-02,medium
521,521,2028,10.0,N/A,N/A,N/A,N/A,https://www.nsf.gov/awardsearch/showAward?AWD_ID=2447695,N/A,unknown,unknown,N/A,N/A,unknown,,unknown,,unknown,,unknown,2026-09-02,medium
522,522,2028,N/A,N/A,N/A,N/A,N/A,https://www.nsf.gov/awardsearch/showAward?AWD_ID=2447702,N/A,unknown,unknown,N/A,N/A,unknown,,unknown,,unknown,,unknown,2026-09-02,medium
523,523,2028,N/A,N/A,N/A,N/A,N/A,https://www.nsf.gov/awardsearch/showAward?AWD_ID=2447704,N/A,unknown,unknown,N/A,N/A,unknown,,unknown,,unknown,,unknown,2026-09-02,medium
524,524,2028,10.0,N/A,N/A,N/A,N/A,https://etap.nsf.gov,N/A,unknown,unknown,N/A,N/A,unknown,,unknown,,unknown,,unknown,2026-09-02,medium
525,525,2028,10.0,N/A,N/A,N/A,N/A,https://www.nsf.gov/awardsearch/showAward?AWD_ID=2447711,N/A,unknown,unknown,N/A,N/A,unknown,,unknown,,unknown,,unknown,2026-09-02,medium
526,526,2028,N/A,N/A,N/A,N/A,N/A,https://www.nsf.gov/awardsearch/showAward?AWD_ID=2447729,N/A,unknown,unknown,N/A,N/A,unknown,,unknown,,unknown,,unknown,2026-09-02,medium
527,527,2028,10.0,N/A,N/A,N/A,N/A,https://www.nsf.gov/awardsearch/showAward?AWD_ID=2447730,N/A,unknown,unknown,N/A,N/A,unknown,,unknown,,unknown,,unknown,2026-09-02,medium
528,528,2028,10.0,N/A,N/A,N/A,N/A,https://www.nsf.gov/awardsearch/showAward?AWD_ID=2447734,N/A,unknown,unknown,N/A,N/A,unknown,,unknown,,unknown,,unknown,2026-09-02,medium
529,529,2028,8.0,N/A,N/A,N/A,N/A,https://www.nsf.gov/awardsearch/showAward?AWD_ID=2447752,N/A,unknown,unknown,N/A,N/A,unknown,,unknown,,unknown,,unknown,2026-09-02,medium
531,531,2028,N/A,N/A,N/A,N/A,N/A,https://www.nsf.gov/awardsearch/showAward?AWD_ID=2447758,N/A,unknown,unknown,N/A,N/A,unknown,,unknown,,unknown,,unknown,2026-09-02,medium
532,532,2028,10.0,N/A,N/A,N/A,N/A,https://etap.nsf.gov,N/A,unknown,unknown,N/A,N/A,unknown,,unknown,,unknown,,unknown,2026-09-02,medium
533,533,2028,N/A,N/A,N/A,N/A,N/A,https://www.nsf.gov/awardsearch/showAward?AWD_ID=2447769,N/A,unknown,unknown,N/A,N/A,unknown,,unknown,,unknown,,unknown,2026-09-02,medium
534,534,2028,9.0,N/A,N/A,N/A,N/A,https://www.nsf.gov/awardsearch/showAward?AWD_ID=2447779,N/A,unknown,unknown,N/A,N/A,unknown,,unknown,,unknown,,unknown,2026-09-02,medium
535,535,2028,10.0,N/A,N/A,N/A,N/A,https://etap.nsf.gov,N/A,unknown,unknown,N/A,N/A,unknown,,unknown,,unknown,,unknown,2026-09-02,medium
536,536,2028,N/A,N/A,N/A,N/A,N/A,https://www.nsf.gov/awardsearch/showAward?AWD_ID=2447802,N/A,unknown,unknown,N/A,N/A,unknown,,unknown,,unknown,,unknown,2026-09-02,medium
537,537,2028,N/A,N/A,N/A,N/A,N/A,https://www.nsf.gov/awardsearch/showAward?AWD_ID=2447809,N/A,unknown,unknown,N/A,N/A,unknown,,unknown,,unknown,,unknown,2026-09-02,medium
538,538,2028,N/A,N/A,N/A,N/A,N/A,https://www.nsf.gov/awardsearch/showAward?AWD_ID=2447810,N/A,unknown,unknown,N/A,N/A,unknown,,unknown,,unknown,,unknown,2026-09-02,medium
539,539,2028,10.0,N/A,N/A,N/A,N/A,https://www.nsf.gov/awardsearch/showAward?AWD_ID=2447813,N/A,unknown,unknown,N/A,N/A,unknown,,unknown,,unknown,,unknown,2026-09-02,medium
540,540,2028,9.0,N/A,N/A,N/A,N/A,https://www.nsf.gov/awardsearch/showAward?AWD_ID=2447817,N/A,unknown,unknown,N/A,N/A,unknown,,unknown,,unknown,,unknown,2026-09-02,medium
541,541,2028,10.0,N/A,N/A,N/A,N/A,https://www.nsf.gov/awardsearch/showAward?AWD_ID=2447827,N/A,unknown,unknown,N/A,N/A,unknown,,unknown,,unknown,,unknown,2026-09-02,medium
542,542,2028,10.0,N/A,N/A,N/A,N/A,https://www.nsf.gov/awardsearch/showAward?AWD_ID=2447828,N/A,unknown,unknown,N/A,N/A,unknown,,unknown,,unknown,,unknown,2026-09-02,medium
543,543,2028,10.0,N/A,N/A,N/A,N/A,https://www.nsf.gov/awardsearch/showAward?AWD_ID=2447829,N/A,unknown,unknown,N/A,N/A,unknown,,unknown,,unknown,,unknown,2026-09-02,medium
544,544,2028,10.0,N/A,N/A,N/A,N/A,https://www.nsf.gov/awardsearch/showAward?AWD_ID=2447834,N/A,unknown,unknown,N/A,N/A,unknown,,unknown,,unknown,,unknown,2026-09-02,medium
545,545,2028,N/A,N/A,N/A,N/A,N/A,https://www.nsf.gov/awardsearch/showAward?AWD_ID=2447836,N/A,unknown,unknown,N/A,N/A,unknown,,unknown,,unknown,,unknown,2026-09-02,medium
546,546,2028,10.0,N/A,N/A,N/A,N/A,https://www.nsf.gov/awardsearch/showAward?AWD_ID=2447841,N/A,unknown,unknown,N/A,N/A,unknown,,unknown,,unknown,,unknown,2026-09-02,medium
547,547,2028,N/A,N/A,N/A,N/A,N/A,https://www.nsf.gov/awardsearch/showAward?AWD_ID=2447843,N/A,unknown,unknown,N/A,N/A,unknown,,unknown,,unknown,,unknown,2026-09-02,medium
548,548,2028,10.0,N/A,N/A,N/A,N/A,https://www.nsf.gov/awardsearch/showAward?AWD_ID=2447848,N/A,unknown,unknown,N/A,N/A,unknown,,unknown,,unknown,,unknown,2026-09-02,medium
549,549,2028,10.0,N/A,N/A,N/A,N/A,https://www.nsf.gov/awardsearch/showAward?AWD_ID=2447854,N/A,unknown,unknown,N/A,N/A,unknown,,unknown,,unknown,,unknown,2026-09-02,medium
550,550,2028,N/A,N/A,N/A,N/A,N/A,https://www.nsf.gov/awardsearch/showAward?AWD_ID=2447856,N/A,unknown,unknown,N/A,N/A,unknown,,unknown,,unknown,,unknown,2026-09-02,medium
551,551,2028,10.0,N/A,N/A,N/A,N/A,https://www.nsf.gov/awardsearch/showAward?AWD_ID=2447859,N/A,unknown,unknown,N/A,N/A,unknown,,unknown,,unknown,,unknown,2026-09-02,medium
552,552,2028,10.0,N/A,N/A,N/A,N/A,https://www.nsf.gov/awardsearch/showAward?AWD_ID=2447861,N/A,unknown,unknown,N/A,N/A,unknown,,unknown,,unknown,,unknown,2026-09-02,medium
553,553,2028,10.0,N/A,N/A,N/A,N/A,https://www.nsf.gov/awardsearch/showAward?AWD_ID=2447869,N/A,unknown,unknown,N/A,N/A,unknown,,unknown,,unknown,,unknown,2026-09-02,medium
554,554,2028,10.0,N/A,N/A,N/A,N/A,https://www.nsf.gov/awardsearch/showAward?AWD_ID=2447871,N/A,unknown,unknown,N/A,N/A,unknown,,unknown,,unknown,,unknown,2026-09-02,medium
555,555,2028,N/A,N/A,N/A,N/A,N/A,https://www.nsf.gov/awardsearch/showAward?AWD_ID=2447875,N/A,unknown,unknown,N/A,N/A,unknown,,unknown,,unknown,,unknown,2026-09-02,medium
556,556,2028,10.0,N/A,N/A,N/A,N/A,https://www.nsf.gov/awardsearch/showAward?AWD_ID=2447877,N/A,unknown,unknown,N/A,N/A,unknown,,unknown,,unknown,,unknown,2026-09-02,medium
557,557,2028,N/A,N/A,N/A,N/A,N/A,https://www.nsf.gov/awardsearch/showAward?AWD_ID=2447880,N/A,unknown,unknown,N/A,N/A,unknown,,unknown,,unknown,,unknown,2026-09-02,medium
558,558,2028,8.0,N/A,N/A,N/A,N/A,https://www.nsf.gov/awardsearch/showAward?AWD_ID=2447884,N/A,unknown,unknown,N/A,N/A,unknown,,unknown,,unknown,,unknown,2026-09-02,medium
559,559,2028,9.0,N/A,N/A,N/A,N/A,https://www.nsf.gov/awardsearch/showAward?AWD_ID=2447887,N/A,unknown,unknown,N/A,N/A,unknown,,unknown,,unknown,,unknown,2026-09-02,medium
560,560,2028,N/A,N/A,N/A,N/A,N/A,https://www.nsf.gov/awardsearch/showAward?AWD_ID=2447894,N/A,unknown,unknown,N/A,N/A,unknown,,unknown,,unknown,,unknown,2026-09-02,medium
561,561,2028,N/A,N/A,N/A,N/A,N/A,https://www.nsf.gov/awardsearch/showAward?AWD_ID=2447896,N/A,unknown,unknown,N/A,N/A,unknown,,unknown,,unknown,,unknown,2026-09-02,medium
562,562,2028,10.0,N/A,N/A,N/A,N/A,https://etap.nsf.gov,N/A,unknown,unknown,N/A,N/A,unknown,,unknown,,unknown,,unknown,2026-09-02,medium
563,563,2028,N/A,N/A,N/A,N/A,N/A,https://www.nsf.gov/awardsearch/showAward?AWD_ID=2447907,N/A,unknown,unknown,N/A,N/A,unknown,,unknown,,unknown,,unknown,2026-09-02,medium
564,564,2028,N/A,N/A,N/A,N/A,N/A,https://www.nsf.gov/awardsearch/showAward?AWD_ID=2511544,N/A,unknown,unknown,N/A,N/A,unknown,,unknown,,unknown,,unknown,2026-09-02,medium
576,576,2028,10.0,N/A,N/A,N/A,N/A,https://www.nsf.gov/awardsearch/showAward?AWD_ID=2547394,N/A,unknown,unknown,N/A,N/A,unknown,,unknown,,unknown,,unknown,2026-09-02,medium
605,605,2028,N/A,N/A,N/A,N/A,N/A,https://www.nsf.gov/awardsearch/showAward?AWD_ID=2548017,N/A,unknown,unknown,N/A,N/A,unknown,,unknown,,unknown,,unknown,2026-09-02,medium
700,700,2028,10.0,N/A,N/A,N/A,N/A,https://www.nsf.gov/awardsearch/showAward?AWD_ID=2548510,N/A,unknown,unknown,N/A,N/A,unknown,,unknown,,unknown,,unknown,2026-09-02,medium
705,705,2028,N/A,N/A,N/A,N/A,N/A,https://www.nsf.gov/awardsearch/showAward?AWD_ID=2620473,N/A,unknown,unknown,N/A,N/A,unknown,,unknown,,unknown,,unknown,2026-09-02,medium
706,706,2028,N/A,N/A,N/A,N/A,N/A,https://www.nsf.gov/awardsearch/showAward?AWD_ID=2620474,N/A,unknown,unknown,N/A,N/A,unknown,,unknown,,unknown,,unknown,2026-09-02,medium
14,14,2027,N/A,N/A,N/A,N/A,N/A,https://www.training.nih.gov/research-training/pb/sip/,2027 application: opens mid-Nov 2026; closes mid-Feb 2027,upcoming,2027 upcoming; application window announced,N/A,N/A,no,NIH does not provide dormitory housing,no,Not included centrally,varies,Varies by placement/appointment; verify specific institute,no,2026-08-31,High
15,15,2027,10.0,N/A,N/A,N/A,2027-02-26,https://www.stemgateway.nasa.gov/,"Summer 2027 deadline: Feb 26, 2027",upcoming,2027 upcoming; deadline posted,N/A,N/A,no,Housing generally arranged by intern; project/center guidance varies,no,Not centrally included,varies,Project/center dependent,varies,2026-08-31,High
17,17,2027,10.0,N/A,N/A,N/A,N/A,https://www.onr.navy.mil/education-outreach/undergraduate-graduate/nreip-naval-internship,2027 portal expected to open Sept 2026,upcoming,2027 upcoming; portal expected Sept 2026,7500.0,750.0,no,Not centrally included,no,Not centrally included,varies,Lab/opportunity dependent,no,2026-08-31,High
18,18,2027,N/A,N/A,N/A,2026-10-15,2026-11-30,https://www.daad.de/rise/en/rise-germany/find-an-internship/what-applicants-need-to-know/,"2027 application: Oct 15â€“Nov 30, 2026",upcoming,2027 upcoming; application dates posted,N/A,N/A,assistance,DAAD/hosts assist with housing; arrangement varies,no,Covered from monthly stipend rather than provided meal plan,varies,Travel-related support varies by applicant/country and current DAAD rules,varies,2026-08-31,High
20,20,2027,10.0,2027-06-07,2027-08-13,2026-10-01,2027-02-01,https://www.med.upenn.edu/research-trainee-affairs/suip/,"2027 application: Oct 1, 2026â€“Feb 1, 2027",upcoming,2027 upcoming; dates and deadline posted,5500.0,550.0,yes,On-campus housing included,yes,Meal plan included,yes,One round-trip transportation award included,no,2026-08-31,High
22,22,2027,9.0,2027-06-07,2027-08-07,N/A,2027-01-15,https://www.cshl.edu/education/undergraduate-research-program/,Site materials reference Jan 15; verify exact 2027 cycle deadline when application opens,unknown,2027 program dates posted; application deadline should be re-verified,7000.0,N/A,yes,Room covered,yes,Board covered; meals provided,unknown,Not clearly specified on main page,no,2026-08-31,Medium-High
36,36,2027,5.0,N/A,N/A,N/A,N/A,https://www.nsf.gov/awardsearch/showAward?AWD_ID=1757711,N/A,unknown,unknown,N/A,N/A,unknown,,unknown,,unknown,,unknown,2026-09-02,medium
37,37,2027,N/A,N/A,N/A,N/A,N/A,https://www.nsf.gov/awardsearch/showAward?AWD_ID=1852002,N/A,unknown,unknown,N/A,N/A,unknown,,unknown,,unknown,,unknown,2026-09-02,medium
41,41,2027,N/A,N/A,N/A,N/A,N/A,https://www.nsf.gov/awardsearch/showAward?AWD_ID=2011846,N/A,unknown,unknown,N/A,N/A,unknown,,unknown,,unknown,,unknown,2026-09-02,medium
42,42,2027,1.0,N/A,N/A,N/A,N/A,https://www.nsf.gov/awardsearch/showAward?AWD_ID=2050706,N/A,unknown,unknown,N/A,N/A,unknown,,unknown,,unknown,,unknown,2026-09-02,medium
44,44,2027,10.0,N/A,N/A,N/A,N/A,https://www.nsf.gov/awardsearch/showAward?AWD_ID=2050828,N/A,unknown,unknown,N/A,N/A,unknown,,unknown,,unknown,,unknown,2026-09-02,medium
45,45,2027,10.0,N/A,N/A,N/A,N/A,https://www.nsf.gov/awardsearch/showAward?AWD_ID=2050950,N/A,unknown,unknown,N/A,N/A,unknown,,unknown,,unknown,,unknown,2026-09-02,medium
47,47,2027,N/A,N/A,N/A,N/A,N/A,https://www.nsf.gov/awardsearch/showAward?AWD_ID=2051127,N/A,unknown,unknown,N/A,N/A,unknown,,unknown,,unknown,,unknown,2026-09-02,medium
49,49,2027,10.0,N/A,N/A,N/A,N/A,https://www.nsf.gov/awardsearch/showAward?AWD_ID=2051145,N/A,unknown,unknown,N/A,N/A,unknown,,unknown,,unknown,,unknown,2026-09-02,medium
50,50,2027,N/A,N/A,N/A,N/A,N/A,https://www.nsf.gov/awardsearch/showAward?AWD_ID=2146474,N/A,unknown,unknown,N/A,N/A,unknown,,unknown,,unknown,,unknown,2026-09-02,medium
51,51,2027,10.0,N/A,N/A,N/A,N/A,https://www.nsf.gov/awardsearch/showAward?AWD_ID=2149165,N/A,unknown,unknown,N/A,N/A,unknown,,unknown,,unknown,,unknown,2026-09-02,medium
53,53,2027,6.0,N/A,N/A,N/A,N/A,https://www.nsf.gov/awardsearch/showAward?AWD_ID=2149642,N/A,unknown,unknown,N/A,N/A,unknown,,unknown,,unknown,,unknown,2026-09-02,medium
54,54,2027,10.0,N/A,N/A,N/A,N/A,https://www.nsf.gov/awardsearch/showAward?AWD_ID=2149700,N/A,unknown,unknown,N/A,N/A,unknown,,unknown,,unknown,,unknown,2026-09-02,medium
55,55,2027,N/A,N/A,N/A,N/A,N/A,https://www.nsf.gov/awardsearch/showAward?AWD_ID=2149857,N/A,unknown,unknown,N/A,N/A,unknown,,unknown,,unknown,,unknown,2026-09-02,medium
56,56,2027,10.0,N/A,N/A,N/A,N/A,https://www.nsf.gov/awardsearch/showAward?AWD_ID=2149956,N/A,unknown,unknown,N/A,N/A,unknown,,unknown,,unknown,,unknown,2026-09-02,medium
57,57,2027,10.0,N/A,N/A,N/A,N/A,https://www.nsf.gov/awardsearch/showAward?AWD_ID=2150000,N/A,unknown,unknown,N/A,N/A,unknown,,unknown,,unknown,,unknown,2026-09-02,medium
58,58,2027,10.0,N/A,N/A,N/A,N/A,https://www.nsf.gov/awardsearch/showAward?AWD_ID=2150060,N/A,unknown,unknown,N/A,N/A,unknown,,unknown,,unknown,,unknown,2026-09-02,medium
59,59,2027,10.0,N/A,N/A,N/A,N/A,https://www.nsf.gov/awardsearch/showAward?AWD_ID=2150087,N/A,unknown,unknown,N/A,N/A,unknown,,unknown,,unknown,,unknown,2026-09-02,medium
60,60,2027,10.0,N/A,N/A,N/A,N/A,https://www.nsf.gov/awardsearch/showAward?AWD_ID=2150145,N/A,unknown,unknown,N/A,N/A,unknown,,unknown,,unknown,,unknown,2026-09-02,medium
61,61,2027,10.0,N/A,N/A,N/A,N/A,https://www.nsf.gov/awardsearch/showAward?AWD_ID=2150154,N/A,unknown,unknown,N/A,N/A,unknown,,unknown,,unknown,,unknown,2026-09-02,medium
62,62,2027,N/A,N/A,N/A,N/A,N/A,https://www.nsf.gov/awardsearch/showAward?AWD_ID=2150172,N/A,unknown,unknown,N/A,N/A,unknown,,unknown,,unknown,,unknown,2026-09-02,medium
65,65,2027,10.0,N/A,N/A,N/A,N/A,https://www.nsf.gov/awardsearch/showAward?AWD_ID=2150269,N/A,unknown,unknown,N/A,N/A,unknown,,unknown,,unknown,,unknown,2026-09-02,medium
66,66,2027,10.0,N/A,N/A,N/A,N/A,https://www.nsf.gov/awardsearch/showAward?AWD_ID=2150301,N/A,unknown,unknown,N/A,N/A,unknown,,unknown,,unknown,,unknown,2026-09-02,medium
67,67,2027,10.0,N/A,N/A,N/A,N/A,https://www.nsf.gov/awardsearch/showAward?AWD_ID=2150328,N/A,unknown,unknown,N/A,N/A,unknown,,unknown,,unknown,,unknown,2026-09-02,medium
69,69,2027,N/A,N/A,N/A,N/A,N/A,https://www.nsf.gov/awardsearch/showAward?AWD_ID=2150358,N/A,unknown,unknown,N/A,N/A,unknown,,unknown,,unknown,,unknown,2026-09-02,medium
70,70,2027,10.0,N/A,N/A,N/A,N/A,https://www.nsf.gov/awardsearch/showAward?AWD_ID=2150368,N/A,unknown,unknown,N/A,N/A,unknown,,unknown,,unknown,,unknown,2026-09-02,medium
73,73,2027,10.0,N/A,N/A,N/A,N/A,https://www.nsf.gov/awardsearch/showAward?AWD_ID=2150436,N/A,unknown,unknown,N/A,N/A,unknown,,unknown,,unknown,,unknown,2026-09-02,medium
76,76,2027,10.0,N/A,N/A,N/A,N/A,https://www.nsf.gov/awardsearch/showAward?AWD_ID=2150515,N/A,unknown,unknown,N/A,N/A,unknown,,unknown,,unknown,,unknown,2026-09-02,medium
77,77,2027,N/A,N/A,N/A,N/A,N/A,https://www.nsf.gov/awardsearch/showAward?AWD_ID=2150643,N/A,unknown,unknown,N/A,N/A,unknown,,unknown,,unknown,,unknown,2026-09-02,medium
78,78,2027,9.0,N/A,N/A,N/A,N/A,https://www.nsf.gov/awardsearch/showAward?AWD_ID=2241623,N/A,unknown,unknown,N/A,N/A,unknown,,unknown,,unknown,,unknown,2026-09-02,medium
79,79,2027,N/A,N/A,N/A,N/A,N/A,https://www.nsf.gov/awardsearch/showAward?AWD_ID=2241704,N/A,unknown,unknown,N/A,N/A,unknown,,unknown,,unknown,,unknown,2026-09-02,medium
81,81,2027,10.0,N/A,N/A,N/A,N/A,https://www.nsf.gov/awardsearch/showAward?AWD_ID=2242779,N/A,unknown,unknown,N/A,N/A,unknown,,unknown,,unknown,,unknown,2026-09-02,medium
82,82,2027,N/A,N/A,N/A,N/A,N/A,https://www.nsf.gov/awardsearch/showAward?AWD_ID=2242815,N/A,unknown,unknown,N/A,N/A,unknown,,unknown,,unknown,,unknown,2026-09-02,medium
83,83,2027,N/A,N/A,N/A,N/A,N/A,https://www.nsf.gov/awardsearch/showAward?AWD_ID=2243010,N/A,unknown,unknown,N/A,N/A,unknown,,unknown,,unknown,,unknown,2026-09-02,medium
84,84,2027,10.0,N/A,N/A,N/A,N/A,https://etap.nsf.gov,N/A,unknown,unknown,N/A,N/A,unknown,,unknown,,unknown,,unknown,2026-09-02,medium
85,85,2027,10.0,N/A,N/A,N/A,N/A,https://www.nsf.gov/awardsearch/showAward?AWD_ID=2243249,N/A,unknown,unknown,N/A,N/A,unknown,,unknown,,unknown,,unknown,2026-09-02,medium
86,86,2027,10.0,N/A,N/A,N/A,N/A,https://www.nsf.gov/awardsearch/showAward?AWD_ID=2243400,N/A,unknown,unknown,N/A,N/A,unknown,,unknown,,unknown,,unknown,2026-09-02,medium
88,88,2027,N/A,N/A,N/A,N/A,N/A,https://www.nsf.gov/awardsearch/showAward?AWD_ID=2243619,N/A,unknown,unknown,N/A,N/A,unknown,,unknown,,unknown,,unknown,2026-09-02,medium
89,89,2027,10.0,N/A,N/A,N/A,N/A,https://www.nsf.gov/awardsearch/showAward?AWD_ID=2243657,N/A,unknown,unknown,N/A,N/A,unknown,,unknown,,unknown,,unknown,2026-09-02,medium
90,90,2027,10.0,N/A,N/A,N/A,N/A,https://www.nsf.gov/awardsearch/showAward?AWD_ID=2243722,N/A,unknown,unknown,N/A,N/A,unknown,,unknown,,unknown,,unknown,2026-09-02,medium
91,91,2027,N/A,N/A,N/A,N/A,N/A,https://www.nsf.gov/awardsearch/showAward?AWD_ID=2243731,N/A,unknown,unknown,N/A,N/A,unknown,,unknown,,unknown,,unknown,2026-09-02,medium
92,92,2027,N/A,N/A,N/A,N/A,N/A,https://www.nsf.gov/awardsearch/showAward?AWD_ID=2243739,N/A,unknown,unknown,N/A,N/A,unknown,,unknown,,unknown,,unknown,2026-09-02,medium
93,93,2027,10.0,N/A,N/A,N/A,N/A,https://www.nsf.gov/awardsearch/showAward?AWD_ID=2243754,N/A,unknown,unknown,N/A,N/A,unknown,,unknown,,unknown,,unknown,2026-09-02,medium
94,94,2027,10.0,N/A,N/A,N/A,N/A,https://www.nsf.gov/awardsearch/showAward?AWD_ID=2243824,N/A,unknown,unknown,N/A,N/A,unknown,,unknown,,unknown,,unknown,2026-09-02,medium
95,95,2027,N/A,N/A,N/A,N/A,N/A,https://www.nsf.gov/awardsearch/showAward?AWD_ID=2243853,N/A,unknown,unknown,N/A,N/A,unknown,,unknown,,unknown,,unknown,2026-09-02,medium
96,96,2027,9.0,N/A,N/A,N/A,N/A,https://www.nsf.gov/awardsearch/showAward?AWD_ID=2243857,N/A,unknown,unknown,N/A,N/A,unknown,,unknown,,unknown,,unknown,2026-09-02,medium
97,97,2027,9.0,N/A,N/A,N/A,N/A,https://www.nsf.gov/awardsearch/showAward?AWD_ID=2243880,N/A,unknown,unknown,N/A,N/A,unknown,,unknown,,unknown,,unknown,2026-09-02,medium
98,98,2027,10.0,N/A,N/A,N/A,N/A,https://www.nsf.gov/awardsearch/showAward?AWD_ID=2243909,N/A,unknown,unknown,N/A,N/A,unknown,,unknown,,unknown,,unknown,2026-09-02,medium
99,99,2027,10.0,N/A,N/A,N/A,N/A,https://www.nsf.gov/awardsearch/showAward?AWD_ID=2243923,N/A,unknown,unknown,N/A,N/A,unknown,,unknown,,unknown,,unknown,2026-09-02,medium
102,102,2027,N/A,N/A,N/A,N/A,N/A,https://www.nsf.gov/awardsearch/showAward?AWD_ID=2243953,N/A,unknown,unknown,N/A,N/A,unknown,,unknown,,unknown,,unknown,2026-09-02,medium
103,103,2027,10.0,N/A,N/A,N/A,N/A,https://www.nsf.gov/awardsearch/showAward?AWD_ID=2243955,N/A,unknown,unknown,N/A,N/A,unknown,,unknown,,unknown,,unknown,2026-09-02,medium
104,104,2027,N/A,N/A,N/A,N/A,N/A,https://www.nsf.gov/awardsearch/showAward?AWD_ID=2243957,N/A,unknown,unknown,N/A,N/A,unknown,,unknown,,unknown,,unknown,2026-09-02,medium
105,105,2027,10.0,N/A,N/A,N/A,N/A,https://www.nsf.gov/awardsearch/showAward?AWD_ID=2243975,N/A,unknown,unknown,N/A,N/A,unknown,,unknown,,unknown,,unknown,2026-09-02,medium
106,106,2027,N/A,N/A,N/A,N/A,N/A,https://www.nsf.gov/awardsearch/showAward?AWD_ID=2243980,N/A,unknown,unknown,N/A,N/A,unknown,,unknown,,unknown,,unknown,2026-09-02,medium
107,107,2027,N/A,N/A,N/A,N/A,N/A,https://www.nsf.gov/awardsearch/showAward?AWD_ID=2243981,N/A,unknown,unknown,N/A,N/A,unknown,,unknown,,unknown,,unknown,2026-09-02,medium
108,108,2027,8.0,N/A,N/A,N/A,N/A,https://www.nsf.gov/awardsearch/showAward?AWD_ID=2243991,N/A,unknown,unknown,N/A,N/A,unknown,,unknown,,unknown,,unknown,2026-09-02,medium
111,111,2027,10.0,N/A,N/A,N/A,N/A,https://etap.nsf.gov,N/A,unknown,unknown,N/A,N/A,unknown,,unknown,,unknown,,unknown,2026-09-02,medium
114,114,2027,7.0,N/A,N/A,N/A,N/A,https://www.nsf.gov/awardsearch/showAward?AWD_ID=2244020,N/A,unknown,unknown,N/A,N/A,unknown,,unknown,,unknown,,unknown,2026-09-02,medium
115,115,2027,10.0,N/A,N/A,N/A,N/A,https://www.nsf.gov/awardsearch/showAward?AWD_ID=2244024,N/A,unknown,unknown,N/A,N/A,unknown,,unknown,,unknown,,unknown,2026-09-02,medium
116,116,2027,11.0,N/A,N/A,N/A,N/A,https://www.nsf.gov/awardsearch/showAward?AWD_ID=2244028,N/A,unknown,unknown,N/A,N/A,unknown,,unknown,,unknown,,unknown,2026-09-02,medium
117,117,2027,N/A,N/A,N/A,N/A,N/A,https://www.nsf.gov/awardsearch/showAward?AWD_ID=2244031,N/A,unknown,unknown,N/A,N/A,unknown,,unknown,,unknown,,unknown,2026-09-02,medium
118,118,2027,10.0,N/A,N/A,N/A,N/A,https://www.nsf.gov/awardsearch/showAward?AWD_ID=2244041,N/A,unknown,unknown,N/A,N/A,unknown,,unknown,,unknown,,unknown,2026-09-02,medium
119,119,2027,10.0,N/A,N/A,N/A,N/A,https://www.nsf.gov/awardsearch/showAward?AWD_ID=2244042,N/A,unknown,unknown,N/A,N/A,unknown,,unknown,,unknown,,unknown,2026-09-02,medium
120,120,2027,10.0,N/A,N/A,N/A,N/A,https://www.nsf.gov/awardsearch/showAward?AWD_ID=2244043,N/A,unknown,unknown,N/A,N/A,unknown,,unknown,,unknown,,unknown,2026-09-02,medium
121,121,2027,10.0,N/A,N/A,N/A,N/A,https://www.nsf.gov/awardsearch/showAward?AWD_ID=2244049,N/A,unknown,unknown,N/A,N/A,unknown,,unknown,,unknown,,unknown,2026-09-02,medium
122,122,2027,N/A,N/A,N/A,N/A,N/A,https://www.nsf.gov/awardsearch/showAward?AWD_ID=2244050,N/A,unknown,unknown,N/A,N/A,unknown,,unknown,,unknown,,unknown,2026-09-02,medium
123,123,2027,10.0,N/A,N/A,N/A,N/A,https://www.nsf.gov/awardsearch/showAward?AWD_ID=2244052,N/A,unknown,unknown,N/A,N/A,unknown,,unknown,,unknown,,unknown,2026-09-02,medium
124,124,2027,10.0,N/A,N/A,N/A,N/A,https://www.nsf.gov/awardsearch/showAward?AWD_ID=2244064,N/A,unknown,unknown,N/A,N/A,unknown,,unknown,,unknown,,unknown,2026-09-02,medium
125,125,2027,9.0,N/A,N/A,N/A,N/A,https://etap.nsf.gov,N/A,unknown,unknown,N/A,N/A,unknown,,unknown,,unknown,,unknown,2026-09-02,medium
126,126,2027,10.0,N/A,N/A,N/A,N/A,https://www.nsf.gov/awardsearch/showAward?AWD_ID=2244092,N/A,unknown,unknown,N/A,N/A,unknown,,unknown,,unknown,,unknown,2026-09-02,medium
127,127,2027,10.0,N/A,N/A,N/A,N/A,https://www.nsf.gov/awardsearch/showAward?AWD_ID=2244093,N/A,unknown,unknown,N/A,N/A,unknown,,unknown,,unknown,,unknown,2026-09-02,medium
128,128,2027,9.0,N/A,N/A,N/A,N/A,https://www.nsf.gov/awardsearch/showAward?AWD_ID=2244099,N/A,unknown,unknown,N/A,N/A,unknown,,unknown,,unknown,,unknown,2026-09-02,medium
129,129,2027,N/A,N/A,N/A,N/A,N/A,https://www.nsf.gov/awardsearch/showAward?AWD_ID=2244106,N/A,unknown,unknown,N/A,N/A,unknown,,unknown,,unknown,,unknown,2026-09-02,medium
130,130,2027,10.0,N/A,N/A,N/A,N/A,https://www.nsf.gov/awardsearch/showAward?AWD_ID=2244111,N/A,unknown,unknown,N/A,N/A,unknown,,unknown,,unknown,,unknown,2026-09-02,medium
131,131,2027,10.0,N/A,N/A,N/A,N/A,https://www.nsf.gov/awardsearch/showAward?AWD_ID=2244119,N/A,unknown,unknown,N/A,N/A,unknown,,unknown,,unknown,,unknown,2026-09-02,medium
132,132,2027,N/A,N/A,N/A,N/A,N/A,https://www.nsf.gov/awardsearch/showAward?AWD_ID=2244126,N/A,unknown,unknown,N/A,N/A,unknown,,unknown,,unknown,,unknown,2026-09-02,medium
133,133,2027,10.0,N/A,N/A,N/A,N/A,https://www.nsf.gov/awardsearch/showAward?AWD_ID=2244129,N/A,unknown,unknown,N/A,N/A,unknown,,unknown,,unknown,,unknown,2026-09-02,medium
134,134,2027,10.0,N/A,N/A,N/A,N/A,https://www.nsf.gov/awardsearch/showAward?AWD_ID=2244130,N/A,unknown,unknown,N/A,N/A,unknown,,unknown,,unknown,,unknown,2026-09-02,medium
135,135,2027,10.0,N/A,N/A,N/A,N/A,https://www.nsf.gov/awardsearch/showAward?AWD_ID=2244152,N/A,unknown,unknown,N/A,N/A,unknown,,unknown,,unknown,,unknown,2026-09-02,medium
136,136,2027,10.0,N/A,N/A,N/A,N/A,https://www.nsf.gov/awardsearch/showAward?AWD_ID=2244160,N/A,unknown,unknown,N/A,N/A,unknown,,unknown,,unknown,,unknown,2026-09-02,medium
138,138,2027,10.0,N/A,N/A,N/A,N/A,https://www.nsf.gov/awardsearch/showAward?AWD_ID=2244169,N/A,unknown,unknown,N/A,N/A,unknown,,unknown,,unknown,,unknown,2026-09-02,medium
139,139,2027,10.0,N/A,N/A,N/A,N/A,https://www.nsf.gov/awardsearch/showAward?AWD_ID=2244180,N/A,unknown,unknown,N/A,N/A,unknown,,unknown,,unknown,,unknown,2026-09-02,medium
140,140,2027,10.0,N/A,N/A,N/A,N/A,https://etap.nsf.gov,N/A,unknown,unknown,N/A,N/A,unknown,,unknown,,unknown,,unknown,2026-09-02,medium
141,141,2027,8.0,N/A,N/A,N/A,N/A,https://www.nsf.gov/awardsearch/showAward?AWD_ID=2244191,N/A,unknown,unknown,N/A,N/A,unknown,,unknown,,unknown,,unknown,2026-09-02,medium
142,142,2027,10.0,N/A,N/A,N/A,N/A,https://www.nsf.gov/awardsearch/showAward?AWD_ID=2244195,N/A,unknown,unknown,N/A,N/A,unknown,,unknown,,unknown,,unknown,2026-09-02,medium
144,144,2027,N/A,N/A,N/A,N/A,N/A,https://www.nsf.gov/awardsearch/showAward?AWD_ID=2244212,N/A,unknown,unknown,N/A,N/A,unknown,,unknown,,unknown,,unknown,2026-09-02,medium
145,145,2027,N/A,N/A,N/A,N/A,N/A,https://www.nsf.gov/awardsearch/showAward?AWD_ID=2244213,N/A,unknown,unknown,N/A,N/A,unknown,,unknown,,unknown,,unknown,2026-09-02,medium
146,146,2027,10.0,N/A,N/A,N/A,N/A,https://www.nsf.gov/awardsearch/showAward?AWD_ID=2244215,N/A,unknown,unknown,N/A,N/A,unknown,,unknown,,unknown,,unknown,2026-09-02,medium
147,147,2027,N/A,N/A,N/A,N/A,N/A,https://www.nsf.gov/awardsearch/showAward?AWD_ID=2244218,N/A,unknown,unknown,N/A,N/A,unknown,,unknown,,unknown,,unknown,2026-09-02,medium
148,148,2027,N/A,N/A,N/A,N/A,N/A,https://www.nsf.gov/awardsearch/showAward?AWD_ID=2244230,N/A,unknown,unknown,N/A,N/A,unknown,,unknown,,unknown,,unknown,2026-09-02,medium
150,150,2027,10.0,N/A,N/A,N/A,N/A,https://www.nsf.gov/awardsearch/showAward?AWD_ID=2244253,N/A,unknown,unknown,N/A,N/A,unknown,,unknown,,unknown,,unknown,2026-09-02,medium
151,151,2027,10.0,N/A,N/A,N/A,N/A,https://www.nsf.gov/awardsearch/showAward?AWD_ID=2244254,N/A,unknown,unknown,N/A,N/A,unknown,,unknown,,unknown,,unknown,2026-09-02,medium
152,152,2027,9.0,N/A,N/A,N/A,N/A,https://www.nsf.gov/awardsearch/showAward?AWD_ID=2244258,N/A,unknown,unknown,N/A,N/A,unknown,,unknown,,unknown,,unknown,2026-09-02,medium
153,153,2027,10.0,N/A,N/A,N/A,N/A,https://www.nsf.gov/awardsearch/showAward?AWD_ID=2244259,N/A,unknown,unknown,N/A,N/A,unknown,,unknown,,unknown,,unknown,2026-09-02,medium
155,155,2027,10.0,N/A,N/A,N/A,N/A,https://www.nsf.gov/awardsearch/showAward?AWD_ID=2244275,N/A,unknown,unknown,N/A,N/A,unknown,,unknown,,unknown,,unknown,2026-09-02,medium
156,156,2027,10.0,N/A,N/A,N/A,N/A,https://www.nsf.gov/awardsearch/showAward?AWD_ID=2244278,N/A,unknown,unknown,N/A,N/A,unknown,,unknown,,unknown,,unknown,2026-09-02,medium
157,157,2027,N/A,N/A,N/A,N/A,N/A,https://www.nsf.gov/awardsearch/showAward?AWD_ID=2244283,N/A,unknown,unknown,N/A,N/A,unknown,,unknown,,unknown,,unknown,2026-09-02,medium
158,158,2027,10.0,N/A,N/A,N/A,N/A,https://www.nsf.gov/awardsearch/showAward?AWD_ID=2244285,N/A,unknown,unknown,N/A,N/A,unknown,,unknown,,unknown,,unknown,2026-09-02,medium
159,159,2027,N/A,N/A,N/A,N/A,N/A,https://www.nsf.gov/awardsearch/showAward?AWD_ID=2244293,N/A,unknown,unknown,N/A,N/A,unknown,,unknown,,unknown,,unknown,2026-09-02,medium
160,160,2027,N/A,N/A,N/A,N/A,N/A,https://www.nsf.gov/awardsearch/showAward?AWD_ID=2244294,N/A,unknown,unknown,N/A,N/A,unknown,,unknown,,unknown,,unknown,2026-09-02,medium
161,161,2027,10.0,N/A,N/A,N/A,N/A,https://www.nsf.gov/awardsearch/showAward?AWD_ID=2244297,N/A,unknown,unknown,N/A,N/A,unknown,,unknown,,unknown,,unknown,2026-09-02,medium
162,162,2027,10.0,N/A,N/A,N/A,N/A,https://www.nsf.gov/awardsearch/showAward?AWD_ID=2244304,N/A,unknown,unknown,N/A,N/A,unknown,,unknown,,unknown,,unknown,2026-09-02,medium
163,163,2027,9.0,N/A,N/A,N/A,N/A,https://www.nsf.gov/awardsearch/showAward?AWD_ID=2244306,N/A,unknown,unknown,N/A,N/A,unknown,,unknown,,unknown,,unknown,2026-09-02,medium
164,164,2027,N/A,N/A,N/A,N/A,N/A,https://www.nsf.gov/awardsearch/showAward?AWD_ID=2244313,N/A,unknown,unknown,N/A,N/A,unknown,,unknown,,unknown,,unknown,2026-09-02,medium
165,165,2027,10.0,N/A,N/A,N/A,N/A,https://www.nsf.gov/awardsearch/showAward?AWD_ID=2244316,N/A,unknown,unknown,N/A,N/A,unknown,,unknown,,unknown,,unknown,2026-09-02,medium
166,166,2027,10.0,N/A,N/A,N/A,N/A,https://www.nsf.gov/awardsearch/showAward?AWD_ID=2244322,N/A,unknown,unknown,N/A,N/A,unknown,,unknown,,unknown,,unknown,2026-09-02,medium
167,167,2027,10.0,N/A,N/A,N/A,N/A,https://www.nsf.gov/awardsearch/showAward?AWD_ID=2244323,N/A,unknown,unknown,N/A,N/A,unknown,,unknown,,unknown,,unknown,2026-09-02,medium
168,168,2027,N/A,N/A,N/A,N/A,N/A,https://www.nsf.gov/awardsearch/showAward?AWD_ID=2244324,N/A,unknown,unknown,N/A,N/A,unknown,,unknown,,unknown,,unknown,2026-09-02,medium
169,169,2027,N/A,N/A,N/A,N/A,N/A,https://www.nsf.gov/awardsearch/showAward?AWD_ID=2244331,N/A,unknown,unknown,N/A,N/A,unknown,,unknown,,unknown,,unknown,2026-09-02,medium
170,170,2027,10.0,N/A,N/A,N/A,N/A,https://www.nsf.gov/awardsearch/showAward?AWD_ID=2244344,N/A,unknown,unknown,N/A,N/A,unknown,,unknown,,unknown,,unknown,2026-09-02,medium
172,172,2027,10.0,N/A,N/A,N/A,N/A,https://www.nsf.gov/awardsearch/showAward?AWD_ID=2244390,N/A,unknown,unknown,N/A,N/A,unknown,,unknown,,unknown,,unknown,2026-09-02,medium
173,173,2027,8.0,N/A,N/A,N/A,N/A,https://www.nsf.gov/awardsearch/showAward?AWD_ID=2244391,N/A,unknown,unknown,N/A,N/A,unknown,,unknown,,unknown,,unknown,2026-09-02,medium
174,174,2027,N/A,N/A,N/A,N/A,N/A,https://www.nsf.gov/awardsearch/showAward?AWD_ID=2244423,N/A,unknown,unknown,N/A,N/A,unknown,,unknown,,unknown,,unknown,2026-09-02,medium
175,175,2027,9.0,N/A,N/A,N/A,N/A,https://www.nsf.gov/awardsearch/showAward?AWD_ID=2244424,N/A,unknown,unknown,N/A,N/A,unknown,,unknown,,unknown,,unknown,2026-09-02,medium
176,176,2027,8.0,N/A,N/A,N/A,N/A,https://www.nsf.gov/awardsearch/showAward?AWD_ID=2244427,N/A,unknown,unknown,N/A,N/A,unknown,,unknown,,unknown,,unknown,2026-09-02,medium
177,177,2027,N/A,N/A,N/A,N/A,N/A,https://www.nsf.gov/awardsearch/showAward?AWD_ID=2244433,N/A,unknown,unknown,N/A,N/A,unknown,,unknown,,unknown,,unknown,2026-09-02,medium
178,178,2027,N/A,N/A,N/A,N/A,N/A,https://www.nsf.gov/awardsearch/showAward?AWD_ID=2244437,N/A,unknown,unknown,N/A,N/A,unknown,,unknown,,unknown,,unknown,2026-09-02,medium
179,179,2027,N/A,N/A,N/A,N/A,N/A,https://www.nsf.gov/awardsearch/showAward?AWD_ID=2244438,N/A,unknown,unknown,N/A,N/A,unknown,,unknown,,unknown,,unknown,2026-09-02,medium
180,180,2027,N/A,N/A,N/A,N/A,N/A,https://www.nsf.gov/awardsearch/showAward?AWD_ID=2244439,N/A,unknown,unknown,N/A,N/A,unknown,,unknown,,unknown,,unknown,2026-09-02,medium
182,182,2027,N/A,N/A,N/A,N/A,N/A,https://www.nsf.gov/awardsearch/showAward?AWD_ID=2244453,N/A,unknown,unknown,N/A,N/A,unknown,,unknown,,unknown,,unknown,2026-09-02,medium
183,183,2027,N/A,N/A,N/A,N/A,N/A,https://www.nsf.gov/awardsearch/showAward?AWD_ID=2244454,N/A,unknown,unknown,N/A,N/A,unknown,,unknown,,unknown,,unknown,2026-09-02,medium
184,184,2027,N/A,N/A,N/A,N/A,N/A,https://www.nsf.gov/awardsearch/showAward?AWD_ID=2244455,N/A,unknown,unknown,N/A,N/A,unknown,,unknown,,unknown,,unknown,2026-09-02,medium
185,185,2027,10.0,N/A,N/A,N/A,N/A,https://www.nsf.gov/awardsearch/showAward?AWD_ID=2244460,N/A,unknown,unknown,N/A,N/A,unknown,,unknown,,unknown,,unknown,2026-09-02,medium
186,186,2027,8.0,N/A,N/A,N/A,N/A,https://www.nsf.gov/awardsearch/showAward?AWD_ID=2244461,N/A,unknown,unknown,N/A,N/A,unknown,,unknown,,unknown,,unknown,2026-09-02,medium
188,188,2027,10.0,N/A,N/A,N/A,N/A,https://www.nsf.gov/awardsearch/showAward?AWD_ID=2244488,N/A,unknown,unknown,N/A,N/A,unknown,,unknown,,unknown,,unknown,2026-09-02,medium
189,189,2027,10.0,N/A,N/A,N/A,N/A,https://www.nsf.gov/awardsearch/showAward?AWD_ID=2244490,N/A,unknown,unknown,N/A,N/A,unknown,,unknown,,unknown,,unknown,2026-09-02,medium
190,190,2027,10.0,N/A,N/A,N/A,N/A,https://www.nsf.gov/awardsearch/showAward?AWD_ID=2244494,N/A,unknown,unknown,N/A,N/A,unknown,,unknown,,unknown,,unknown,2026-09-02,medium
191,191,2027,N/A,N/A,N/A,N/A,N/A,https://www.nsf.gov/awardsearch/showAward?AWD_ID=2244497,N/A,unknown,unknown,N/A,N/A,unknown,,unknown,,unknown,,unknown,2026-09-02,medium
192,192,2027,10.0,N/A,N/A,N/A,N/A,https://www.nsf.gov/awardsearch/showAward?AWD_ID=2244499,N/A,unknown,unknown,N/A,N/A,unknown,,unknown,,unknown,,unknown,2026-09-02,medium
193,193,2027,10.0,N/A,N/A,N/A,N/A,https://www.nsf.gov/awardsearch/showAward?AWD_ID=2244506,N/A,unknown,unknown,N/A,N/A,unknown,,unknown,,unknown,,unknown,2026-09-02,medium
194,194,2027,N/A,N/A,N/A,N/A,N/A,https://www.nsf.gov/awardsearch/showAward?AWD_ID=2244514,N/A,unknown,unknown,N/A,N/A,unknown,,unknown,,unknown,,unknown,2026-09-02,medium
195,195,2027,10.0,N/A,N/A,N/A,N/A,https://www.nsf.gov/awardsearch/showAward?AWD_ID=2244530,N/A,unknown,unknown,N/A,N/A,unknown,,unknown,,unknown,,unknown,2026-09-02,medium
196,196,2027,N/A,N/A,N/A,N/A,N/A,https://www.nsf.gov/awardsearch/showAward?AWD_ID=2244539,N/A,unknown,unknown,N/A,N/A,unknown,,unknown,,unknown,,unknown,2026-09-02,medium
197,197,2027,10.0,N/A,N/A,N/A,N/A,https://www.nsf.gov/awardsearch/showAward?AWD_ID=2244546,N/A,unknown,unknown,N/A,N/A,unknown,,unknown,,unknown,,unknown,2026-09-02,medium
198,198,2027,2.0,N/A,N/A,N/A,N/A,https://www.nsf.gov/awardsearch/showAward?AWD_ID=2244551,N/A,unknown,unknown,N/A,N/A,unknown,,unknown,,unknown,,unknown,2026-09-02,medium
199,199,2027,N/A,N/A,N/A,N/A,N/A,https://www.nsf.gov/awardsearch/showAward?AWD_ID=2244555,N/A,unknown,unknown,N/A,N/A,unknown,,unknown,,unknown,,unknown,2026-09-02,medium
200,200,2027,10.0,N/A,N/A,N/A,N/A,https://www.nsf.gov/awardsearch/showAward?AWD_ID=2244580,N/A,unknown,unknown,N/A,N/A,unknown,,unknown,,unknown,,unknown,2026-09-02,medium
201,201,2027,10.0,N/A,N/A,N/A,N/A,https://www.nsf.gov/awardsearch/showAward?AWD_ID=2244583,N/A,unknown,unknown,N/A,N/A,unknown,,unknown,,unknown,,unknown,2026-09-02,medium
202,202,2027,9.0,N/A,N/A,N/A,N/A,https://www.nsf.gov/awardsearch/showAward?AWD_ID=2244596,N/A,unknown,unknown,N/A,N/A,unknown,,unknown,,unknown,,unknown,2026-09-02,medium
203,203,2027,10.0,N/A,N/A,N/A,N/A,https://www.nsf.gov/awardsearch/showAward?AWD_ID=2244665,N/A,unknown,unknown,N/A,N/A,unknown,,unknown,,unknown,,unknown,2026-09-02,medium
206,206,2027,N/A,N/A,N/A,N/A,N/A,https://www.nsf.gov/awardsearch/showAward?AWD_ID=2315927,N/A,unknown,unknown,N/A,N/A,unknown,,unknown,,unknown,,unknown,2026-09-02,medium
207,207,2027,N/A,N/A,N/A,N/A,N/A,https://www.nsf.gov/awardsearch/showAward?AWD_ID=2315928,N/A,unknown,unknown,N/A,N/A,unknown,,unknown,,unknown,,unknown,2026-09-02,medium
208,208,2027,10.0,N/A,N/A,N/A,N/A,https://www.nsf.gov/awardsearch/showAward?AWD_ID=2345025,N/A,unknown,unknown,N/A,N/A,unknown,,unknown,,unknown,,unknown,2026-09-02,medium
209,209,2027,10.0,N/A,N/A,N/A,N/A,https://www.nsf.gov/awardsearch/showAward?AWD_ID=2347252,N/A,unknown,unknown,N/A,N/A,unknown,,unknown,,unknown,,unknown,2026-09-02,medium
210,210,2027,10.0,N/A,N/A,N/A,N/A,https://www.nsf.gov/awardsearch/showAward?AWD_ID=2348001,N/A,unknown,unknown,N/A,N/A,unknown,,unknown,,unknown,,unknown,2026-09-02,medium
211,211,2027,10.0,N/A,N/A,N/A,N/A,https://www.nsf.gov/awardsearch/showAward?AWD_ID=2348203,N/A,unknown,unknown,N/A,N/A,unknown,,unknown,,unknown,,unknown,2026-09-02,medium
212,212,2027,N/A,N/A,N/A,N/A,N/A,https://www.nsf.gov/awardsearch/showAward?AWD_ID=2348288,N/A,unknown,unknown,N/A,N/A,unknown,,unknown,,unknown,,unknown,2026-09-02,medium
213,213,2027,10.0,N/A,N/A,N/A,N/A,https://etap.nsf.gov,N/A,unknown,unknown,N/A,N/A,unknown,,unknown,,unknown,,unknown,2026-09-02,medium
214,214,2027,N/A,N/A,N/A,N/A,N/A,https://www.nsf.gov/awardsearch/showAward?AWD_ID=2348547,N/A,unknown,unknown,N/A,N/A,unknown,,unknown,,unknown,,unknown,2026-09-02,medium
215,215,2027,10.0,N/A,N/A,N/A,N/A,https://www.nsf.gov/awardsearch/showAward?AWD_ID=2348598,N/A,unknown,unknown,N/A,N/A,unknown,,unknown,,unknown,,unknown,2026-09-02,medium
216,216,2027,10.0,N/A,N/A,N/A,N/A,https://www.nsf.gov/awardsearch/showAward?AWD_ID=2348668,N/A,unknown,unknown,N/A,N/A,unknown,,unknown,,unknown,,unknown,2026-09-02,medium
217,217,2027,8.0,N/A,N/A,N/A,N/A,https://www.nsf.gov/awardsearch/showAward?AWD_ID=2348675,N/A,unknown,unknown,N/A,N/A,unknown,,unknown,,unknown,,unknown,2026-09-02,medium
218,218,2027,25.0,N/A,N/A,N/A,N/A,https://www.nsf.gov/awardsearch/showAward?AWD_ID=2348695,N/A,unknown,unknown,N/A,N/A,unknown,,unknown,,unknown,,unknown,2026-09-02,medium
219,219,2027,10.0,N/A,N/A,N/A,N/A,https://www.nsf.gov/awardsearch/showAward?AWD_ID=2348711,N/A,unknown,unknown,N/A,N/A,unknown,,unknown,,unknown,,unknown,2026-09-02,medium
220,220,2027,10.0,N/A,N/A,N/A,N/A,https://www.nsf.gov/awardsearch/showAward?AWD_ID=2348712,N/A,unknown,unknown,N/A,N/A,unknown,,unknown,,unknown,,unknown,2026-09-02,medium
221,221,2027,10.0,N/A,N/A,N/A,N/A,https://www.nsf.gov/awardsearch/showAward?AWD_ID=2348724,N/A,unknown,unknown,N/A,N/A,unknown,,unknown,,unknown,,unknown,2026-09-02,medium
222,222,2027,10.0,N/A,N/A,N/A,N/A,https://www.nsf.gov/awardsearch/showAward?AWD_ID=2348764,N/A,unknown,unknown,N/A,N/A,unknown,,unknown,,unknown,,unknown,2026-09-02,medium
223,223,2027,N/A,N/A,N/A,N/A,N/A,https://www.nsf.gov/awardsearch/showAward?AWD_ID=2348770,N/A,unknown,unknown,N/A,N/A,unknown,,unknown,,unknown,,unknown,2026-09-02,medium
224,224,2027,10.0,N/A,N/A,N/A,N/A,https://www.nsf.gov/awardsearch/showAward?AWD_ID=2348774,N/A,unknown,unknown,N/A,N/A,unknown,,unknown,,unknown,,unknown,2026-09-02,medium
227,227,2027,10.0,N/A,N/A,N/A,N/A,https://www.nsf.gov/awardsearch/showAward?AWD_ID=2348793,N/A,unknown,unknown,N/A,N/A,unknown,,unknown,,unknown,,unknown,2026-09-02,medium
229,229,2027,10.0,N/A,N/A,N/A,N/A,https://www.nsf.gov/awardsearch/showAward?AWD_ID=2348822,N/A,unknown,unknown,N/A,N/A,unknown,,unknown,,unknown,,unknown,2026-09-02,medium
230,230,2027,N/A,N/A,N/A,N/A,N/A,https://www.nsf.gov/awardsearch/showAward?AWD_ID=2348856,N/A,unknown,unknown,N/A,N/A,unknown,,unknown,,unknown,,unknown,2026-09-02,medium
231,231,2027,10.0,N/A,N/A,N/A,N/A,https://www.nsf.gov/awardsearch/showAward?AWD_ID=2348869,N/A,unknown,unknown,N/A,N/A,unknown,,unknown,,unknown,,unknown,2026-09-02,medium
232,232,2027,N/A,N/A,N/A,N/A,N/A,https://www.nsf.gov/awardsearch/showAward?AWD_ID=2348872,N/A,unknown,unknown,N/A,N/A,unknown,,unknown,,unknown,,unknown,2026-09-02,medium
233,233,2027,N/A,N/A,N/A,N/A,N/A,https://www.nsf.gov/awardsearch/showAward?AWD_ID=2348880,N/A,unknown,unknown,N/A,N/A,unknown,,unknown,,unknown,,unknown,2026-09-02,medium
234,234,2027,10.0,N/A,N/A,N/A,N/A,https://www.nsf.gov/awardsearch/showAward?AWD_ID=2348883,N/A,unknown,unknown,N/A,N/A,unknown,,unknown,,unknown,,unknown,2026-09-02,medium
235,235,2027,10.0,N/A,N/A,N/A,N/A,https://www.nsf.gov/awardsearch/showAward?AWD_ID=2348884,N/A,unknown,unknown,N/A,N/A,unknown,,unknown,,unknown,,unknown,2026-09-02,medium
236,236,2027,9.0,N/A,N/A,N/A,N/A,https://www.nsf.gov/awardsearch/showAward?AWD_ID=2348889,N/A,unknown,unknown,N/A,N/A,unknown,,unknown,,unknown,,unknown,2026-09-02,medium
237,237,2027,10.0,N/A,N/A,N/A,N/A,https://etap.nsf.gov,N/A,unknown,unknown,N/A,N/A,unknown,,unknown,,unknown,,unknown,2026-09-02,medium
238,238,2027,N/A,N/A,N/A,N/A,N/A,https://www.nsf.gov/awardsearch/showAward?AWD_ID=2348913,N/A,unknown,unknown,N/A,N/A,unknown,,unknown,,unknown,,unknown,2026-09-02,medium
239,239,2027,10.0,N/A,N/A,N/A,N/A,https://www.nsf.gov/awardsearch/showAward?AWD_ID=2348914,N/A,unknown,unknown,N/A,N/A,unknown,,unknown,,unknown,,unknown,2026-09-02,medium
240,240,2027,10.0,N/A,N/A,N/A,N/A,https://etap.nsf.gov,N/A,unknown,unknown,N/A,N/A,unknown,,unknown,,unknown,,unknown,2026-09-02,medium
241,241,2027,N/A,N/A,N/A,N/A,N/A,https://www.nsf.gov/awardsearch/showAward?AWD_ID=2348926,N/A,unknown,unknown,N/A,N/A,unknown,,unknown,,unknown,,unknown,2026-09-02,medium
242,242,2027,10.0,N/A,N/A,N/A,N/A,https://www.nsf.gov/awardsearch/showAward?AWD_ID=2348934,N/A,unknown,unknown,N/A,N/A,unknown,,unknown,,unknown,,unknown,2026-09-02,medium
243,243,2027,10.0,N/A,N/A,N/A,N/A,https://www.nsf.gov/awardsearch/showAward?AWD_ID=2348950,N/A,unknown,unknown,N/A,N/A,unknown,,unknown,,unknown,,unknown,2026-09-02,medium
244,244,2027,10.0,N/A,N/A,N/A,N/A,https://www.nsf.gov/awardsearch/showAward?AWD_ID=2348968,N/A,unknown,unknown,N/A,N/A,unknown,,unknown,,unknown,,unknown,2026-09-02,medium
246,246,2027,N/A,N/A,N/A,N/A,N/A,https://www.nsf.gov/awardsearch/showAward?AWD_ID=2348984,N/A,unknown,unknown,N/A,N/A,unknown,,unknown,,unknown,,unknown,2026-09-02,medium
247,247,2027,10.0,N/A,N/A,N/A,N/A,https://www.nsf.gov/awardsearch/showAward?AWD_ID=2348990,N/A,unknown,unknown,N/A,N/A,unknown,,unknown,,unknown,,unknown,2026-09-02,medium
249,249,2027,N/A,N/A,N/A,N/A,N/A,https://www.nsf.gov/awardsearch/showAward?AWD_ID=2348995,N/A,unknown,unknown,N/A,N/A,unknown,,unknown,,unknown,,unknown,2026-09-02,medium
252,252,2027,10.0,N/A,N/A,N/A,N/A,https://www.nsf.gov/awardsearch/showAward?AWD_ID=2349002,N/A,unknown,unknown,N/A,N/A,unknown,,unknown,,unknown,,unknown,2026-09-02,medium
253,253,2027,8.0,N/A,N/A,N/A,N/A,https://www.nsf.gov/awardsearch/showAward?AWD_ID=2349040,N/A,unknown,unknown,N/A,N/A,unknown,,unknown,,unknown,,unknown,2026-09-02,medium
254,254,2027,N/A,N/A,N/A,N/A,N/A,https://www.nsf.gov/awardsearch/showAward?AWD_ID=2349042,N/A,unknown,unknown,N/A,N/A,unknown,,unknown,,unknown,,unknown,2026-09-02,medium
255,255,2027,10.0,N/A,N/A,N/A,N/A,https://www.nsf.gov/awardsearch/showAward?AWD_ID=2349052,N/A,unknown,unknown,N/A,N/A,unknown,,unknown,,unknown,,unknown,2026-09-02,medium
256,256,2027,10.0,N/A,N/A,N/A,N/A,https://www.nsf.gov/awardsearch/showAward?AWD_ID=2349058,N/A,unknown,unknown,N/A,N/A,unknown,,unknown,,unknown,,unknown,2026-09-02,medium
257,257,2027,N/A,N/A,N/A,N/A,N/A,https://www.nsf.gov/awardsearch/showAward?AWD_ID=2349059,N/A,unknown,unknown,N/A,N/A,unknown,,unknown,,unknown,,unknown,2026-09-02,medium
258,258,2027,10.0,N/A,N/A,N/A,N/A,https://www.nsf.gov/awardsearch/showAward?AWD_ID=2349068,N/A,unknown,unknown,N/A,N/A,unknown,,unknown,,unknown,,unknown,2026-09-02,medium
259,259,2027,N/A,N/A,N/A,N/A,N/A,https://www.nsf.gov/awardsearch/showAward?AWD_ID=2349070,N/A,unknown,unknown,N/A,N/A,unknown,,unknown,,unknown,,unknown,2026-09-02,medium
260,260,2027,8.0,N/A,N/A,N/A,N/A,https://www.nsf.gov/awardsearch/showAward?AWD_ID=2349076,N/A,unknown,unknown,N/A,N/A,unknown,,unknown,,unknown,,unknown,2026-09-02,medium
261,261,2027,10.0,N/A,N/A,N/A,N/A,https://www.nsf.gov/awardsearch/showAward?AWD_ID=2349085,N/A,unknown,unknown,N/A,N/A,unknown,,unknown,,unknown,,unknown,2026-09-02,medium
262,262,2027,N/A,N/A,N/A,N/A,N/A,https://www.nsf.gov/awardsearch/showAward?AWD_ID=2349087,N/A,unknown,unknown,N/A,N/A,unknown,,unknown,,unknown,,unknown,2026-09-02,medium
263,263,2027,10.0,N/A,N/A,N/A,N/A,https://www.nsf.gov/awardsearch/showAward?AWD_ID=2349091,N/A,unknown,unknown,N/A,N/A,unknown,,unknown,,unknown,,unknown,2026-09-02,medium
264,264,2027,10.0,N/A,N/A,N/A,N/A,https://www.nsf.gov/awardsearch/showAward?AWD_ID=2349092,N/A,unknown,unknown,N/A,N/A,unknown,,unknown,,unknown,,unknown,2026-09-02,medium
265,265,2027,N/A,N/A,N/A,N/A,N/A,https://www.nsf.gov/awardsearch/showAward?AWD_ID=2349104,N/A,unknown,unknown,N/A,N/A,unknown,,unknown,,unknown,,unknown,2026-09-02,medium
266,266,2027,8.0,N/A,N/A,N/A,N/A,https://www.nsf.gov/awardsearch/showAward?AWD_ID=2349109,N/A,unknown,unknown,N/A,N/A,unknown,,unknown,,unknown,,unknown,2026-09-02,medium
268,268,2027,10.0,N/A,N/A,N/A,N/A,https://www.nsf.gov/awardsearch/showAward?AWD_ID=2349111,N/A,unknown,unknown,N/A,N/A,unknown,,unknown,,unknown,,unknown,2026-09-02,medium
269,269,2027,10.0,N/A,N/A,N/A,N/A,https://www.nsf.gov/awardsearch/showAward?AWD_ID=2349117,N/A,unknown,unknown,N/A,N/A,unknown,,unknown,,unknown,,unknown,2026-09-02,medium
270,270,2027,N/A,N/A,N/A,N/A,N/A,https://www.nsf.gov/awardsearch/showAward?AWD_ID=2349118,N/A,unknown,unknown,N/A,N/A,unknown,,unknown,,unknown,,unknown,2026-09-02,medium
271,271,2027,N/A,N/A,N/A,N/A,N/A,https://www.nsf.gov/awardsearch/showAward?AWD_ID=2349121,N/A,unknown,unknown,N/A,N/A,unknown,,unknown,,unknown,,unknown,2026-09-02,medium
272,272,2027,N/A,N/A,N/A,N/A,N/A,https://www.nsf.gov/awardsearch/showAward?AWD_ID=2349129,N/A,unknown,unknown,N/A,N/A,unknown,,unknown,,unknown,,unknown,2026-09-02,medium
273,273,2027,12.0,N/A,N/A,N/A,N/A,https://www.nsf.gov/awardsearch/showAward?AWD_ID=2349130,N/A,unknown,unknown,N/A,N/A,unknown,,unknown,,unknown,,unknown,2026-09-02,medium
274,274,2027,9.0,N/A,N/A,N/A,N/A,https://www.nsf.gov/awardsearch/showAward?AWD_ID=2349136,N/A,unknown,unknown,N/A,N/A,unknown,,unknown,,unknown,,unknown,2026-09-02,medium
275,275,2027,N/A,N/A,N/A,N/A,N/A,https://www.nsf.gov/awardsearch/showAward?AWD_ID=2349151,N/A,unknown,unknown,N/A,N/A,unknown,,unknown,,unknown,,unknown,2026-09-02,medium
276,276,2027,10.0,N/A,N/A,N/A,N/A,https://www.nsf.gov/awardsearch/showAward?AWD_ID=2349155,N/A,unknown,unknown,N/A,N/A,unknown,,unknown,,unknown,,unknown,2026-09-02,medium
277,277,2027,10.0,N/A,N/A,N/A,N/A,https://www.nsf.gov/awardsearch/showAward?AWD_ID=2349159,N/A,unknown,unknown,N/A,N/A,unknown,,unknown,,unknown,,unknown,2026-09-02,medium
278,278,2027,10.0,N/A,N/A,N/A,N/A,https://www.nsf.gov/awardsearch/showAward?AWD_ID=2349168,N/A,unknown,unknown,N/A,N/A,unknown,,unknown,,unknown,,unknown,2026-09-02,medium
279,279,2027,N/A,N/A,N/A,N/A,N/A,https://www.nsf.gov/awardsearch/showAward?AWD_ID=2349173,N/A,unknown,unknown,N/A,N/A,unknown,,unknown,,unknown,,unknown,2026-09-02,medium
280,280,2027,8.0,N/A,N/A,N/A,N/A,https://www.nsf.gov/awardsearch/showAward?AWD_ID=2349174,N/A,unknown,unknown,N/A,N/A,unknown,,unknown,,unknown,,unknown,2026-09-02,medium
282,282,2027,N/A,N/A,N/A,N/A,N/A,https://www.nsf.gov/awardsearch/showAward?AWD_ID=2349179,N/A,unknown,unknown,N/A,N/A,unknown,,unknown,,unknown,,unknown,2026-09-02,medium
283,283,2027,10.0,N/A,N/A,N/A,N/A,https://www.nsf.gov/awardsearch/showAward?AWD_ID=2349189,N/A,unknown,unknown,N/A,N/A,unknown,,unknown,,unknown,,unknown,2026-09-02,medium
284,284,2027,N/A,N/A,N/A,N/A,N/A,https://www.nsf.gov/awardsearch/showAward?AWD_ID=2349202,N/A,unknown,unknown,N/A,N/A,unknown,,unknown,,unknown,,unknown,2026-09-02,medium
285,285,2027,10.0,N/A,N/A,N/A,N/A,https://www.nsf.gov/awardsearch/showAward?AWD_ID=2349211,N/A,unknown,unknown,N/A,N/A,unknown,,unknown,,unknown,,unknown,2026-09-02,medium
286,286,2027,10.0,N/A,N/A,N/A,N/A,https://www.nsf.gov/awardsearch/showAward?AWD_ID=2349212,N/A,unknown,unknown,N/A,N/A,unknown,,unknown,,unknown,,unknown,2026-09-02,medium
287,287,2027,N/A,N/A,N/A,N/A,N/A,https://www.nsf.gov/awardsearch/showAward?AWD_ID=2349213,N/A,unknown,unknown,N/A,N/A,unknown,,unknown,,unknown,,unknown,2026-09-02,medium
288,288,2027,10.0,N/A,N/A,N/A,N/A,https://etap.nsf.gov,N/A,unknown,unknown,N/A,N/A,unknown,,unknown,,unknown,,unknown,2026-09-02,medium
289,289,2027,10.0,N/A,N/A,N/A,N/A,https://etap.nsf.gov,N/A,unknown,unknown,N/A,N/A,unknown,,unknown,,unknown,,unknown,2026-09-02,medium
290,290,2027,N/A,N/A,N/A,N/A,N/A,https://www.nsf.gov/awardsearch/showAward?AWD_ID=2349222,N/A,unknown,unknown,N/A,N/A,unknown,,unknown,,unknown,,unknown,2026-09-02,medium
291,291,2027,10.0,N/A,N/A,N/A,N/A,https://etap.nsf.gov,N/A,unknown,unknown,N/A,N/A,unknown,,unknown,,unknown,,unknown,2026-09-02,medium
292,292,2027,10.0,N/A,N/A,N/A,N/A,https://www.nsf.gov/awardsearch/showAward?AWD_ID=2349225,N/A,unknown,unknown,N/A,N/A,unknown,,unknown,,unknown,,unknown,2026-09-02,medium
293,293,2027,10.0,N/A,N/A,N/A,N/A,https://etap.nsf.gov,N/A,unknown,unknown,N/A,N/A,unknown,,unknown,,unknown,,unknown,2026-09-02,medium
294,294,2027,10.0,N/A,N/A,N/A,N/A,https://www.nsf.gov/awardsearch/showAward?AWD_ID=2349230,N/A,unknown,unknown,N/A,N/A,unknown,,unknown,,unknown,,unknown,2026-09-02,medium
295,295,2027,N/A,N/A,N/A,N/A,N/A,https://www.nsf.gov/awardsearch/showAward?AWD_ID=2349236,N/A,unknown,unknown,N/A,N/A,unknown,,unknown,,unknown,,unknown,2026-09-02,medium
297,297,2027,N/A,N/A,N/A,N/A,N/A,https://www.nsf.gov/awardsearch/showAward?AWD_ID=2349238,N/A,unknown,unknown,N/A,N/A,unknown,,unknown,,unknown,,unknown,2026-09-02,medium
298,298,2027,10.0,N/A,N/A,N/A,N/A,https://www.nsf.gov/awardsearch/showAward?AWD_ID=2349246,N/A,unknown,unknown,N/A,N/A,unknown,,unknown,,unknown,,unknown,2026-09-02,medium
299,299,2027,10.0,N/A,N/A,N/A,N/A,https://www.nsf.gov/awardsearch/showAward?AWD_ID=2349255,N/A,unknown,unknown,N/A,N/A,unknown,,unknown,,unknown,,unknown,2026-09-02,medium
300,300,2027,N/A,N/A,N/A,N/A,N/A,https://www.nsf.gov/awardsearch/showAward?AWD_ID=2349256,N/A,unknown,unknown,N/A,N/A,unknown,,unknown,,unknown,,unknown,2026-09-02,medium
301,301,2027,10.0,N/A,N/A,N/A,N/A,https://www.nsf.gov/awardsearch/showAward?AWD_ID=2349261,N/A,unknown,unknown,N/A,N/A,unknown,,unknown,,unknown,,unknown,2026-09-02,medium
302,302,2027,10.0,N/A,N/A,N/A,N/A,https://www.nsf.gov/awardsearch/showAward?AWD_ID=2349263,N/A,unknown,unknown,N/A,N/A,unknown,,unknown,,unknown,,unknown,2026-09-02,medium
305,305,2027,10.0,N/A,N/A,N/A,N/A,https://etap.nsf.gov,N/A,unknown,unknown,N/A,N/A,unknown,,unknown,,unknown,,unknown,2026-09-02,medium
306,306,2027,8.0,N/A,N/A,N/A,N/A,https://www.nsf.gov/awardsearch/showAward?AWD_ID=2349289,N/A,unknown,unknown,N/A,N/A,unknown,,unknown,,unknown,,unknown,2026-09-02,medium
307,307,2027,10.0,N/A,N/A,N/A,N/A,https://www.nsf.gov/awardsearch/showAward?AWD_ID=2349293,N/A,unknown,unknown,N/A,N/A,unknown,,unknown,,unknown,,unknown,2026-09-02,medium
308,308,2027,N/A,N/A,N/A,N/A,N/A,https://www.nsf.gov/awardsearch/showAward?AWD_ID=2349296,N/A,unknown,unknown,N/A,N/A,unknown,,unknown,,unknown,,unknown,2026-09-02,medium
309,309,2027,N/A,N/A,N/A,N/A,N/A,https://www.nsf.gov/awardsearch/showAward?AWD_ID=2349297,N/A,unknown,unknown,N/A,N/A,unknown,,unknown,,unknown,,unknown,2026-09-02,medium
310,310,2027,N/A,N/A,N/A,N/A,N/A,https://www.nsf.gov/awardsearch/showAward?AWD_ID=2349298,N/A,unknown,unknown,N/A,N/A,unknown,,unknown,,unknown,,unknown,2026-09-02,medium
311,311,2027,N/A,N/A,N/A,N/A,N/A,https://www.nsf.gov/awardsearch/showAward?AWD_ID=2349300,N/A,unknown,unknown,N/A,N/A,unknown,,unknown,,unknown,,unknown,2026-09-02,medium
312,312,2027,N/A,N/A,N/A,N/A,N/A,https://www.nsf.gov/awardsearch/showAward?AWD_ID=2349305,N/A,unknown,unknown,N/A,N/A,unknown,,unknown,,unknown,,unknown,2026-09-02,medium
313,313,2027,10.0,N/A,N/A,N/A,N/A,https://www.nsf.gov/awardsearch/showAward?AWD_ID=2349306,N/A,unknown,unknown,N/A,N/A,unknown,,unknown,,unknown,,unknown,2026-09-02,medium
314,314,2027,N/A,N/A,N/A,N/A,N/A,https://www.nsf.gov/awardsearch/showAward?AWD_ID=2349310,N/A,unknown,unknown,N/A,N/A,unknown,,unknown,,unknown,,unknown,2026-09-02,medium
316,316,2027,N/A,N/A,N/A,N/A,N/A,https://www.nsf.gov/awardsearch/showAward?AWD_ID=2349313,N/A,unknown,unknown,N/A,N/A,unknown,,unknown,,unknown,,unknown,2026-09-02,medium
317,317,2027,10.0,N/A,N/A,N/A,N/A,https://www.nsf.gov/awardsearch/showAward?AWD_ID=2349320,N/A,unknown,unknown,N/A,N/A,unknown,,unknown,,unknown,,unknown,2026-09-02,medium
318,318,2027,N/A,N/A,N/A,N/A,N/A,https://www.nsf.gov/awardsearch/showAward?AWD_ID=2349325,N/A,unknown,unknown,N/A,N/A,unknown,,unknown,,unknown,,unknown,2026-09-02,medium
319,319,2027,10.0,N/A,N/A,N/A,N/A,https://www.nsf.gov/awardsearch/showAward?AWD_ID=2349326,N/A,unknown,unknown,N/A,N/A,unknown,,unknown,,unknown,,unknown,2026-09-02,medium
320,320,2027,10.0,N/A,N/A,N/A,N/A,https://www.nsf.gov/awardsearch/showAward?AWD_ID=2349329,N/A,unknown,unknown,N/A,N/A,unknown,,unknown,,unknown,,unknown,2026-09-02,medium
322,322,2027,10.0,N/A,N/A,N/A,N/A,https://etap.nsf.gov,N/A,unknown,unknown,N/A,N/A,unknown,,unknown,,unknown,,unknown,2026-09-02,medium
324,324,2027,10.0,N/A,N/A,N/A,N/A,https://etap.nsf.gov,N/A,unknown,unknown,N/A,N/A,unknown,,unknown,,unknown,,unknown,2026-09-02,medium
325,325,2027,10.0,N/A,N/A,N/A,N/A,https://www.nsf.gov/awardsearch/showAward?AWD_ID=2349357,N/A,unknown,unknown,N/A,N/A,unknown,,unknown,,unknown,,unknown,2026-09-02,medium
326,326,2027,N/A,N/A,N/A,N/A,N/A,https://www.nsf.gov/awardsearch/showAward?AWD_ID=2349366,N/A,unknown,unknown,N/A,N/A,unknown,,unknown,,unknown,,unknown,2026-09-02,medium
327,327,2027,10.0,N/A,N/A,N/A,N/A,https://etap.nsf.gov,N/A,unknown,unknown,N/A,N/A,unknown,,unknown,,unknown,,unknown,2026-09-02,medium
328,328,2027,N/A,N/A,N/A,N/A,N/A,https://www.nsf.gov/awardsearch/showAward?AWD_ID=2349370,N/A,unknown,unknown,N/A,N/A,unknown,,unknown,,unknown,,unknown,2026-09-02,medium
330,330,2027,10.0,N/A,N/A,N/A,N/A,https://etap.nsf.gov,N/A,unknown,unknown,N/A,N/A,unknown,,unknown,,unknown,,unknown,2026-09-02,medium
331,331,2027,8.0,N/A,N/A,N/A,N/A,https://www.nsf.gov/awardsearch/showAward?AWD_ID=2349382,N/A,unknown,unknown,N/A,N/A,unknown,,unknown,,unknown,,unknown,2026-09-02,medium
332,332,2027,10.0,N/A,N/A,N/A,N/A,https://www.nsf.gov/awardsearch/showAward?AWD_ID=2349386,N/A,unknown,unknown,N/A,N/A,unknown,,unknown,,unknown,,unknown,2026-09-02,medium
333,333,2027,10.0,N/A,N/A,N/A,N/A,https://www.nsf.gov/awardsearch/showAward?AWD_ID=2349397,N/A,unknown,unknown,N/A,N/A,unknown,,unknown,,unknown,,unknown,2026-09-02,medium
334,334,2027,N/A,N/A,N/A,N/A,N/A,https://www.nsf.gov/awardsearch/showAward?AWD_ID=2349407,N/A,unknown,unknown,N/A,N/A,unknown,,unknown,,unknown,,unknown,2026-09-02,medium
335,335,2027,N/A,N/A,N/A,N/A,N/A,https://www.nsf.gov/awardsearch/showAward?AWD_ID=2349408,N/A,unknown,unknown,N/A,N/A,unknown,,unknown,,unknown,,unknown,2026-09-02,medium
336,336,2027,10.0,N/A,N/A,N/A,N/A,https://www.nsf.gov/awardsearch/showAward?AWD_ID=2349410,N/A,unknown,unknown,N/A,N/A,unknown,,unknown,,unknown,,unknown,2026-09-02,medium
337,337,2027,10.0,N/A,N/A,N/A,N/A,https://www.nsf.gov/awardsearch/showAward?AWD_ID=2349425,N/A,unknown,unknown,N/A,N/A,unknown,,unknown,,unknown,,unknown,2026-09-02,medium
339,339,2027,10.0,N/A,N/A,N/A,N/A,https://www.nsf.gov/awardsearch/showAward?AWD_ID=2349433,N/A,unknown,unknown,N/A,N/A,unknown,,unknown,,unknown,,unknown,2026-09-02,medium
340,340,2027,10.0,N/A,N/A,N/A,N/A,https://www.nsf.gov/awardsearch/showAward?AWD_ID=2349438,N/A,unknown,unknown,N/A,N/A,unknown,,unknown,,unknown,,unknown,2026-09-02,medium
341,341,2027,10.0,N/A,N/A,N/A,N/A,https://www.nsf.gov/awardsearch/showAward?AWD_ID=2349439,N/A,unknown,unknown,N/A,N/A,unknown,,unknown,,unknown,,unknown,2026-09-02,medium
342,342,2027,10.0,N/A,N/A,N/A,N/A,https://www.nsf.gov/awardsearch/showAward?AWD_ID=2349451,N/A,unknown,unknown,N/A,N/A,unknown,,unknown,,unknown,,unknown,2026-09-02,medium
343,343,2027,N/A,N/A,N/A,N/A,N/A,https://www.nsf.gov/awardsearch/showAward?AWD_ID=2349452,N/A,unknown,unknown,N/A,N/A,unknown,,unknown,,unknown,,unknown,2026-09-02,medium
344,344,2027,8.0,N/A,N/A,N/A,N/A,https://www.nsf.gov/awardsearch/showAward?AWD_ID=2349454,N/A,unknown,unknown,N/A,N/A,unknown,,unknown,,unknown,,unknown,2026-09-02,medium
346,346,2027,10.0,N/A,N/A,N/A,N/A,https://www.nsf.gov/awardsearch/showAward?AWD_ID=2349462,N/A,unknown,unknown,N/A,N/A,unknown,,unknown,,unknown,,unknown,2026-09-02,medium
347,347,2027,N/A,N/A,N/A,N/A,N/A,https://www.nsf.gov/awardsearch/showAward?AWD_ID=2349464,N/A,unknown,unknown,N/A,N/A,unknown,,unknown,,unknown,,unknown,2026-09-02,medium
350,350,2027,10.0,N/A,N/A,N/A,N/A,https://etap.nsf.gov,N/A,unknown,unknown,N/A,N/A,unknown,,unknown,,unknown,,unknown,2026-09-02,medium
351,351,2027,10.0,N/A,N/A,N/A,N/A,https://www.nsf.gov/awardsearch/showAward?AWD_ID=2349507,N/A,unknown,unknown,N/A,N/A,unknown,,unknown,,unknown,,unknown,2026-09-02,medium
352,352,2027,N/A,N/A,N/A,N/A,N/A,https://www.nsf.gov/awardsearch/showAward?AWD_ID=2349519,N/A,unknown,unknown,N/A,N/A,unknown,,unknown,,unknown,,unknown,2026-09-02,medium
354,354,2027,8.0,N/A,N/A,N/A,N/A,https://www.nsf.gov/awardsearch/showAward?AWD_ID=2349534,N/A,unknown,unknown,N/A,N/A,unknown,,unknown,,unknown,,unknown,2026-09-02,medium
356,356,2027,N/A,N/A,N/A,N/A,N/A,https://www.nsf.gov/awardsearch/showAward?AWD_ID=2349546,N/A,unknown,unknown,N/A,N/A,unknown,,unknown,,unknown,,unknown,2026-09-02,medium
357,357,2027,10.0,N/A,N/A,N/A,N/A,https://etap.nsf.gov,N/A,unknown,unknown,N/A,N/A,unknown,,unknown,,unknown,,unknown,2026-09-02,medium
358,358,2027,10.0,N/A,N/A,N/A,N/A,https://www.nsf.gov/awardsearch/showAward?AWD_ID=2349555,N/A,unknown,unknown,N/A,N/A,unknown,,unknown,,unknown,,unknown,2026-09-02,medium
359,359,2027,10.0,N/A,N/A,N/A,N/A,https://www.nsf.gov/awardsearch/showAward?AWD_ID=2349558,N/A,unknown,unknown,N/A,N/A,unknown,,unknown,,unknown,,unknown,2026-09-02,medium
360,360,2027,N/A,N/A,N/A,N/A,N/A,https://www.nsf.gov/awardsearch/showAward?AWD_ID=2349562,N/A,unknown,unknown,N/A,N/A,unknown,,unknown,,unknown,,unknown,2026-09-02,medium
362,362,2027,10.0,N/A,N/A,N/A,N/A,https://etap.nsf.gov,N/A,unknown,unknown,N/A,N/A,unknown,,unknown,,unknown,,unknown,2026-09-02,medium
363,363,2027,10.0,N/A,N/A,N/A,N/A,https://www.nsf.gov/awardsearch/showAward?AWD_ID=2349580,N/A,unknown,unknown,N/A,N/A,unknown,,unknown,,unknown,,unknown,2026-09-02,medium
364,364,2027,10.0,N/A,N/A,N/A,N/A,https://www.nsf.gov/awardsearch/showAward?AWD_ID=2349581,N/A,unknown,unknown,N/A,N/A,unknown,,unknown,,unknown,,unknown,2026-09-02,medium
365,365,2027,10.0,N/A,N/A,N/A,N/A,https://www.nsf.gov/awardsearch/showAward?AWD_ID=2349585,N/A,unknown,unknown,N/A,N/A,unknown,,unknown,,unknown,,unknown,2026-09-02,medium
366,366,2027,10.0,N/A,N/A,N/A,N/A,https://www.nsf.gov/awardsearch/showAward?AWD_ID=2349593,N/A,unknown,unknown,N/A,N/A,unknown,,unknown,,unknown,,unknown,2026-09-02,medium
367,367,2027,N/A,N/A,N/A,N/A,N/A,https://www.nsf.gov/awardsearch/showAward?AWD_ID=2349611,N/A,unknown,unknown,N/A,N/A,unknown,,unknown,,unknown,,unknown,2026-09-02,medium
368,368,2027,N/A,N/A,N/A,N/A,N/A,https://www.nsf.gov/awardsearch/showAward?AWD_ID=2349616,N/A,unknown,unknown,N/A,N/A,unknown,,unknown,,unknown,,unknown,2026-09-02,medium
369,369,2027,N/A,N/A,N/A,N/A,N/A,https://www.nsf.gov/awardsearch/showAward?AWD_ID=2349618,N/A,unknown,unknown,N/A,N/A,unknown,,unknown,,unknown,,unknown,2026-09-02,medium
370,370,2027,10.0,N/A,N/A,N/A,N/A,https://www.nsf.gov/awardsearch/showAward?AWD_ID=2349621,N/A,unknown,unknown,N/A,N/A,unknown,,unknown,,unknown,,unknown,2026-09-02,medium
371,371,2027,10.0,N/A,N/A,N/A,N/A,https://www.nsf.gov/awardsearch/showAward?AWD_ID=2349627,N/A,unknown,unknown,N/A,N/A,unknown,,unknown,,unknown,,unknown,2026-09-02,medium
372,372,2027,10.0,N/A,N/A,N/A,N/A,https://www.nsf.gov/awardsearch/showAward?AWD_ID=2349628,N/A,unknown,unknown,N/A,N/A,unknown,,unknown,,unknown,,unknown,2026-09-02,medium
373,373,2027,10.0,N/A,N/A,N/A,N/A,https://www.nsf.gov/awardsearch/showAward?AWD_ID=2349629,N/A,unknown,unknown,N/A,N/A,unknown,,unknown,,unknown,,unknown,2026-09-02,medium
374,374,2027,N/A,N/A,N/A,N/A,N/A,https://www.nsf.gov/awardsearch/showAward?AWD_ID=2349630,N/A,unknown,unknown,N/A,N/A,unknown,,unknown,,unknown,,unknown,2026-09-02,medium
375,375,2027,N/A,N/A,N/A,N/A,N/A,https://www.nsf.gov/awardsearch/showAward?AWD_ID=2349632,N/A,unknown,unknown,N/A,N/A,unknown,,unknown,,unknown,,unknown,2026-09-02,medium
376,376,2027,N/A,N/A,N/A,N/A,N/A,https://www.nsf.gov/awardsearch/showAward?AWD_ID=2349639,N/A,unknown,unknown,N/A,N/A,unknown,,unknown,,unknown,,unknown,2026-09-02,medium
377,377,2027,4.0,N/A,N/A,N/A,N/A,https://www.nsf.gov/awardsearch/showAward?AWD_ID=2349657,N/A,unknown,unknown,N/A,N/A,unknown,,unknown,,unknown,,unknown,2026-09-02,medium
378,378,2027,N/A,N/A,N/A,N/A,N/A,https://www.nsf.gov/awardsearch/showAward?AWD_ID=2349663,N/A,unknown,unknown,N/A,N/A,unknown,,unknown,,unknown,,unknown,2026-09-02,medium
379,379,2027,9.0,N/A,N/A,N/A,N/A,https://www.nsf.gov/awardsearch/showAward?AWD_ID=2349677,N/A,unknown,unknown,N/A,N/A,unknown,,unknown,,unknown,,unknown,2026-09-02,medium
380,380,2027,10.0,N/A,N/A,N/A,N/A,https://www.nsf.gov/awardsearch/showAward?AWD_ID=2349680,N/A,unknown,unknown,N/A,N/A,unknown,,unknown,,unknown,,unknown,2026-09-02,medium
381,381,2027,8.0,N/A,N/A,N/A,N/A,https://www.nsf.gov/awardsearch/showAward?AWD_ID=2349684,N/A,unknown,unknown,N/A,N/A,unknown,,unknown,,unknown,,unknown,2026-09-02,medium
382,382,2027,N/A,N/A,N/A,N/A,N/A,https://www.nsf.gov/awardsearch/showAward?AWD_ID=2349686,N/A,unknown,unknown,N/A,N/A,unknown,,unknown,,unknown,,unknown,2026-09-02,medium
383,383,2027,10.0,N/A,N/A,N/A,N/A,https://www.nsf.gov/awardsearch/showAward?AWD_ID=2349694,N/A,unknown,unknown,N/A,N/A,unknown,,unknown,,unknown,,unknown,2026-09-02,medium
384,384,2027,10.0,N/A,N/A,N/A,N/A,https://www.nsf.gov/awardsearch/showAward?AWD_ID=2349697,N/A,unknown,unknown,N/A,N/A,unknown,,unknown,,unknown,,unknown,2026-09-02,medium
385,385,2027,N/A,N/A,N/A,N/A,N/A,https://www.nsf.gov/awardsearch/showAward?AWD_ID=2349705,N/A,unknown,unknown,N/A,N/A,unknown,,unknown,,unknown,,unknown,2026-09-02,medium
387,387,2027,N/A,N/A,N/A,N/A,N/A,https://www.nsf.gov/awardsearch/showAward?AWD_ID=2349713,N/A,unknown,unknown,N/A,N/A,unknown,,unknown,,unknown,,unknown,2026-09-02,medium
388,388,2027,10.0,N/A,N/A,N/A,N/A,https://www.nsf.gov/awardsearch/showAward?AWD_ID=2349722,N/A,unknown,unknown,N/A,N/A,unknown,,unknown,,unknown,,unknown,2026-09-02,medium
389,389,2027,N/A,N/A,N/A,N/A,N/A,https://www.nsf.gov/awardsearch/showAward?AWD_ID=2349731,N/A,unknown,unknown,N/A,N/A,unknown,,unknown,,unknown,,unknown,2026-09-02,medium
391,391,2027,10.0,N/A,N/A,N/A,N/A,https://www.nsf.gov/awardsearch/showAward?AWD_ID=2349748,N/A,unknown,unknown,N/A,N/A,unknown,,unknown,,unknown,,unknown,2026-09-02,medium
392,392,2027,N/A,N/A,N/A,N/A,N/A,https://www.nsf.gov/awardsearch/showAward?AWD_ID=2349752,N/A,unknown,unknown,N/A,N/A,unknown,,unknown,,unknown,,unknown,2026-09-02,medium
393,393,2027,10.0,N/A,N/A,N/A,N/A,https://etap.nsf.gov,N/A,unknown,unknown,N/A,N/A,unknown,,unknown,,unknown,,unknown,2026-09-02,medium
394,394,2027,10.0,N/A,N/A,N/A,N/A,https://www.nsf.gov/awardsearch/showAward?AWD_ID=2349762,N/A,unknown,unknown,N/A,N/A,unknown,,unknown,,unknown,,unknown,2026-09-02,medium
395,395,2027,N/A,N/A,N/A,N/A,N/A,https://www.nsf.gov/awardsearch/showAward?AWD_ID=2349765,N/A,unknown,unknown,N/A,N/A,unknown,,unknown,,unknown,,unknown,2026-09-02,medium
396,396,2027,8.0,N/A,N/A,N/A,N/A,https://etap.nsf.gov,N/A,unknown,unknown,N/A,N/A,unknown,,unknown,,unknown,,unknown,2026-09-02,medium
397,397,2027,10.0,N/A,N/A,N/A,N/A,https://www.nsf.gov/awardsearch/showAward?AWD_ID=2349768,N/A,unknown,unknown,N/A,N/A,unknown,,unknown,,unknown,,unknown,2026-09-02,medium
398,398,2027,10.0,N/A,N/A,N/A,N/A,https://www.nsf.gov/awardsearch/showAward?AWD_ID=2349771,N/A,unknown,unknown,N/A,N/A,unknown,,unknown,,unknown,,unknown,2026-09-02,medium
399,399,2027,N/A,N/A,N/A,N/A,N/A,https://www.nsf.gov/awardsearch/showAward?AWD_ID=2349774,N/A,unknown,unknown,N/A,N/A,unknown,,unknown,,unknown,,unknown,2026-09-02,medium
401,401,2027,N/A,N/A,N/A,N/A,N/A,https://www.nsf.gov/awardsearch/showAward?AWD_ID=2349859,N/A,unknown,unknown,N/A,N/A,unknown,,unknown,,unknown,,unknown,2026-09-02,medium
402,402,2027,8.0,N/A,N/A,N/A,N/A,https://www.nsf.gov/awardsearch/showAward?AWD_ID=2425225,N/A,unknown,unknown,N/A,N/A,unknown,,unknown,,unknown,,unknown,2026-09-02,medium
403,403,2027,N/A,N/A,N/A,N/A,N/A,https://www.nsf.gov/awardsearch/showAward?AWD_ID=2426230,N/A,unknown,unknown,N/A,N/A,unknown,,unknown,,unknown,,unknown,2026-09-02,medium
404,404,2027,N/A,N/A,N/A,N/A,N/A,https://www.nsf.gov/awardsearch/showAward?AWD_ID=2431725,N/A,unknown,unknown,N/A,N/A,unknown,,unknown,,unknown,,unknown,2026-09-02,medium
462,462,2027,10.0,N/A,N/A,N/A,N/A,https://www.nsf.gov/awardsearch/showAward?AWD_ID=2447397,N/A,unknown,unknown,N/A,N/A,unknown,,unknown,,unknown,,unknown,2026-09-02,medium
502,502,2027,N/A,N/A,N/A,N/A,N/A,https://www.nsf.gov/awardsearch/showAward?AWD_ID=2447631,N/A,unknown,unknown,N/A,N/A,unknown,,unknown,,unknown,,unknown,2026-09-02,medium
508,508,2027,N/A,N/A,N/A,N/A,N/A,https://www.nsf.gov/awardsearch/showAward?AWD_ID=2447647,N/A,unknown,unknown,N/A,N/A,unknown,,unknown,,unknown,,unknown,2026-09-02,medium
519,519,2027,10.0,N/A,N/A,N/A,N/A,https://www.nsf.gov/awardsearch/showAward?AWD_ID=2447691,N/A,unknown,unknown,N/A,N/A,unknown,,unknown,,unknown,,unknown,2026-09-02,medium
565,565,2027,10.0,N/A,N/A,N/A,N/A,https://www.nsf.gov/awardsearch/showAward?AWD_ID=2515055,N/A,unknown,unknown,N/A,N/A,unknown,,unknown,,unknown,,unknown,2026-09-02,medium
1,1,2026,8.3,2026-06-04,2026-07-31,2025-11-01,2026-02-10,https://apps.btaa.org/srop/apply,2026 shared application: Nov 1â€“Feb 10,closed,2026 closed; 2027 cycle expected Novâ€“Feb,4000.0,N/A,yes,Campus housing,yes,Meal support included,yes,Travel support included,partial,2026-08-31,High
2,2,2026,8.0,2026-05-30,2026-07-25,2025-11-01,2026-02-10,https://apps.btaa.org/srop/apply,2026 shared application: Nov 1â€“Feb 10,closed,2026 closed; 2027 cycle expected Novâ€“Feb,4000.0,N/A,yes,Campus housing,yes,Meal support included,yes,Travel support included,no,2026-08-31,High
3,3,2026,10.0,2026-05-23,2026-07-30,2025-11-01,2026-02-10,https://apps.btaa.org/srop/apply,2026 shared application: Nov 1â€“Feb 10,closed,2026 closed; 2027 cycle expected Novâ€“Feb,5000.0,N/A,yes,Campus housing,yes,Meal support included,yes,Travel support included,no,2026-08-31,High
4,4,2026,10.0,2026-05-15,2026-07-25,2025-11-01,2026-02-10,https://apps.btaa.org/srop/apply,2026 shared application: Nov 1â€“Feb 10,closed,2026 closed; 2027 cycle expected Novâ€“Feb,5000.0,N/A,yes,Campus housing,yes,Meal support included,yes,Travel support included,no,2026-08-31,High
5,5,2026,N/A,N/A,N/A,2025-11-01,2026-02-10,https://apps.btaa.org/srop/apply,2026 shared application: Nov 1â€“Feb 10,closed,2026 closed; 2027 cycle expected Novâ€“Feb,N/A,N/A,varies,TBD in 2026 benefit table,varies,TBD in 2026 benefit table,varies,TBD in 2026 benefit table,varies,2026-08-31,High
6,6,2026,9.3,2026-06-03,2026-08-06,2025-11-01,2026-02-10,https://apps.btaa.org/srop/apply,2026 shared application: Nov 1â€“Feb 10,closed,2026 closed; 2027 cycle expected Novâ€“Feb,6000.0,N/A,yes,Campus housing,yes,Meal support included,yes,Travel support included,no,2026-08-31,High
7,7,2026,8.0,2026-06-15,2026-08-07,2025-11-01,2026-02-10,https://apps.btaa.org/srop/apply,2026 shared application: Nov 1â€“Feb 10,closed,2026 closed; 2027 cycle expected Novâ€“Feb,6500.0,N/A,yes,Campus housing,partial,Partial meal support,yes,Travel support included,partial,2026-08-31,High
8,8,2026,8.5,2026-05-26,2026-07-24,2025-11-01,2026-02-10,https://apps.btaa.org/srop/apply,2026 shared application: Nov 1â€“Feb 10,closed,2026 closed; 2027 cycle expected Novâ€“Feb,6000.0,N/A,yes,Campus housing,yes,Meal support included,yes,Travel support included,no,2026-08-31,High
9,9,2026,8.0,2026-05-28,2026-07-24,2025-11-01,2026-02-10,https://apps.btaa.org/srop/apply,2026 shared application: Nov 1â€“Feb 10,closed,2026 closed; 2027 cycle expected Novâ€“Feb,4000.0,N/A,yes,Campus housing,yes,Meal support included,yes,Travel support included,no,2026-08-31,High
10,10,2026,8.0,2026-06-07,2026-07-31,2025-11-01,2026-02-10,https://apps.btaa.org/srop/apply,2026 shared application: Nov 1â€“Feb 10,closed,2026 closed; 2027 cycle expected Novâ€“Feb,4500.0,N/A,yes,Campus housing,yes,Meal support included,yes,Travel support included,no,2026-08-31,High
11,11,2026,9.5,2026-05-26,2026-07-31,2025-11-01,2026-02-10,https://apps.btaa.org/srop/apply,2026 shared application: Nov 1â€“Feb 10,closed,2026 closed; 2027 cycle expected Novâ€“Feb,6000.0,N/A,yes,Campus housing,no,Meals not included,yes,Travel support included,no,2026-08-31,High
12,12,2026,N/A,N/A,N/A,2025-11-01,2026-02-10,https://apps.btaa.org/srop/apply,2026 shared application: Nov 1â€“Feb 10,closed,2026 closed; 2027 cycle expected Novâ€“Feb,N/A,N/A,varies,Varies by program,varies,Varies by program,varies,Varies by program,varies,2026-08-31,High
13,13,2026,10.0,N/A,N/A,2025-10-23,2026-01-07,https://science.osti.gov/wdts/suli/how-to-apply,"Summer 2026 deadline: Jan 7, 2026",closed,Summer 2026 closed; monitor DOE for Summer 2027 cycle,6500.0,650.0,varies,Some labs offer direct housing; otherwise housing allowance may be available,unknown,Not centrally specified,yes,Reimbursement available for qualifying travel; limits depend on mode,no,2026-08-31,High
16,16,2026,11.0,2026-05-27,2026-08-07,N/A,N/A,https://www.nist.gov/surf,2027 details expected in fall 2026,closed,2026 closed; 2027 details expected fall 2026,7810.0,710.0,allowance,"Students arrange housing; limited housing assistance up to $4,500 may be available",no,Not included,yes,Travel allowance up to $500 may be available,no,2026-08-31,High
19,19,2026,8.0,N/A,N/A,N/A,2026-02-03,https://app.theleadershipalliance.org/,"2026 deadline: Feb 3, 2026",closed,2026 closed; monitor for 2027,N/A,N/A,yes,Housing expenses covered through host program,varies,Host-specific support varies,yes,Travel support included,no,2026-08-31,High
21,21,2026,10.0,2026-06-01,2026-08-07,N/A,2026-02-01,https://surfapplication.rockefeller.edu/,"2026 deadline: Feb 1, 2026",closed,2026 closed; monitor for 2027,6500.0,650.0,yes,Free housing for students unable to commute,no,Not listed as a provided meal plan,unknown,Not clearly specified on current program page,no,2026-08-31,High
23,23,2026,9.0,2026-06-22,2026-08-21,N/A,N/A,https://www.fredhutch.org/en/education-training/undergraduate-students/summer-undergraduate-research-program.html,2026 closed; 2027 deadline not yet posted,closed,2026 closed; monitor for 2027,7304.0,N/A,no,"Housing not included; optional housing listed at approximately $3,300 for 2026",no,Meals not included,yes,Round-trip travel to Seattle reimbursed up to $450,no,2026-08-31,High
24,24,2026,9.0,2026-06-15,2026-08-14,N/A,N/A,https://www.fredhutch.org/en/education-training/undergraduate-students/pathways-undergraduate-researchers.html,2027 information expected November 2026,closed,2026 closed; 2027 info expected Nov 2026,N/A,N/A,no,Not listed as included,varies,Some program activities/meals may be covered; verify current cycle,varies,Travel and research funds may be available,no,2026-08-31,Medium-High
25,25,2026,8.0,2026-06-24,2026-08-19,N/A,2026-02-22,https://www.fredhutch.org/en/education-training/undergraduate-students/seattlestatgrows.html,"2026 deadline: Feb 22, 2026",closed,2026 closed; monitor for 2027,5700.0,N/A,no,Not listed as included,partial,Some group meals provided,local,Free ORCA public-transit pass; additional research-expense funding available,no,2026-08-31,High
26,26,2026,10.0,N/A,N/A,N/A,2026-04-01,https://etap.nsf.gov/,2026 main page listed Apr 1; verify each cycle because site text has varied,closed,2026 closed; program reports NSF support through 2028,7000.0,700.0,yes,Apartment-style housing included,allowance,$80/week food supplement,yes,Up to $600 travel support,no,2026-08-31,High
27,27,2026,10.0,N/A,N/A,N/A,N/A,https://sites.bu.edu/physics-resources/physics-reu/,Current page requires cycle re-verification,unknown,Current page has incomplete/pending cycle information; verify before applying,7000.0,700.0,yes,Housing included,no,Not listed as provided,yes,Up to $820 travel; additional conference/return support may be available,no,2026-08-31,Medium
28,28,2026,10.0,2026-05-31,2026-08-08,2025-12-15,2026-03-15,https://www.bu.edu/photonics-programs/reu/apply/,2026 applications: Dec 15â€“Mar 15,closed,2026 positions filled; monitor 2027,7000.0,700.0,yes,Apartment-style housing included,unknown,Not centrally listed as meal plan,yes,Domestic travel support included,no,2026-08-31,High
29,29,2026,10.0,2026-06-08,2026-08-14,N/A,2026-02-01,https://amgenscholars.berkeley.edu/applicants/,"2026 deadline: Feb 1, 2026",closed,"2026 closed; 2027 Amgen applications expected from Nov 1, 2026",5000.0,500.0,yes,Housing provided,allowance,Meal allowance provided,yes,Round-trip airfare provided if needed,no,2026-09-02,High
30,30,2026,8.0,2026-06-20,2026-08-15,N/A,2026-02-01,https://biosciences.stanford.edu/pathways/ssrp-amgen-scholars-program/the-ssrp-amgen-scholars-program-application/,"2026 deadline: Feb 1, 2026",closed,2026 closed; monitor 2027 application,4800.0,600.0,yes,Housing provided,yes,Meals/flex-card support provided,yes,Travel to/from Stanford covered,no,2026-09-02,High
31,31,2026,10.0,2026-06-03,2026-08-08,N/A,2026-02-01,https://uraf.harvard.edu/amgen-scholars,"2026 deadline: Feb 1, 2026",closed,"2026 closed; 2027 Amgen applications expected from Nov 1, 2026",N/A,N/A,yes,Housing provided,yes,Dining support provided,yes,Travel allowance included,no,2026-09-02,High
32,32,2026,11.0,2026-05-26,2026-08-07,2025-12-09,2026-02-06,https://harvardforest.fas.harvard.edu/education-opportunities/undergraduate-students/summer-research-program/summer-research-program-information-for-students/,"2026 application: Dec 9, 2025â€“Feb 6, 2026; 2027 expected Dec 2026",closed,2026 closed; 2027 application expected Dec 2026,7700.0,700.0,yes,Full room included,yes,Full board included,yes,Travel to/from Harvard Forest included,no,2026-08-31,High
33,33,2026,8.5,2026-06-22,2026-08-21,N/A,2026-02-10,https://www.ipam.ucla.edu/programs/student-research-programs/research-in-industrial-projects-for-students-rips-2026-los-angeles/,"2026 deadline: Feb 10, 2026",closed,2026 closed; monitor for 2027,N/A,N/A,yes,Housing provided,yes,Meals provided/support included,yes,Travel allowance included,no,2026-08-31,High
34,34,2026,9.0,2026-05-26,2026-07-24,N/A,2026-01-31,https://reu.dimacs.rutgers.edu/,"2026 deadline: Jan 31, 2026",closed,2026 closed; monitor for 2027,6300.0,700.0,yes,Housing included,allowance,Meal allowance included,yes,Travel support included,no,2026-08-31,High
35,35,2026,10.0,N/A,N/A,N/A,N/A,https://cos.gatech.edu/qbiosreu,Current page does not fully specify next-cycle deadline; Georgia Tech REUs often close around mid-Feb,active,Program active; next-cycle dates/deadline require update,5000.0,500.0,yes,Apartment housing provided,no,Not listed as a provided meal plan,yes,Travel allowance provided,no,2026-08-31,Medium-High
38,38,2026,10.0,N/A,N/A,N/A,N/A,https://www.nsf.gov/awardsearch/showAward?AWD_ID=1949972,N/A,unknown,unknown,N/A,N/A,unknown,,unknown,,unknown,,unknown,2026-09-02,medium
39,39,2026,10.0,N/A,N/A,N/A,N/A,https://www.nsf.gov/awardsearch/showAward?AWD_ID=1950507,N/A,unknown,unknown,N/A,N/A,unknown,,unknown,,unknown,,unknown,2026-09-02,medium
40,40,2026,10.0,N/A,N/A,N/A,N/A,https://www.nsf.gov/awardsearch/showAward?AWD_ID=1950831,N/A,unknown,unknown,N/A,N/A,unknown,,unknown,,unknown,,unknown,2026-09-02,medium
43,43,2026,10.0,N/A,N/A,N/A,N/A,https://www.nsf.gov/awardsearch/showAward?AWD_ID=2050733,N/A,unknown,unknown,N/A,N/A,unknown,,unknown,,unknown,,unknown,2026-09-02,medium
46,46,2026,9.0,N/A,N/A,N/A,N/A,https://www.nsf.gov/awardsearch/showAward?AWD_ID=2051052,N/A,unknown,unknown,N/A,N/A,unknown,,unknown,,unknown,,unknown,2026-09-02,medium
48,48,2026,N/A,N/A,N/A,N/A,N/A,https://www.nsf.gov/awardsearch/showAward?AWD_ID=2051132,N/A,unknown,unknown,N/A,N/A,unknown,,unknown,,unknown,,unknown,2026-09-02,medium
52,52,2026,2.0,N/A,N/A,N/A,N/A,https://www.nsf.gov/awardsearch/showAward?AWD_ID=2149572,N/A,unknown,unknown,N/A,N/A,unknown,,unknown,,unknown,,unknown,2026-09-02,medium
63,63,2026,N/A,N/A,N/A,N/A,N/A,https://www.nsf.gov/awardsearch/showAward?AWD_ID=2150187,N/A,unknown,unknown,N/A,N/A,unknown,,unknown,,unknown,,unknown,2026-09-02,medium
64,64,2026,N/A,N/A,N/A,N/A,N/A,https://www.nsf.gov/awardsearch/showAward?AWD_ID=2150210,N/A,unknown,unknown,N/A,N/A,unknown,,unknown,,unknown,,unknown,2026-09-02,medium
68,68,2026,N/A,N/A,N/A,N/A,N/A,https://www.nsf.gov/awardsearch/showAward?AWD_ID=2150337,N/A,unknown,unknown,N/A,N/A,unknown,,unknown,,unknown,,unknown,2026-09-02,medium
71,71,2026,N/A,N/A,N/A,N/A,N/A,https://www.nsf.gov/awardsearch/showAward?AWD_ID=2150424,N/A,unknown,unknown,N/A,N/A,unknown,,unknown,,unknown,,unknown,2026-09-02,medium
72,72,2026,9.0,N/A,N/A,N/A,N/A,https://www.nsf.gov/awardsearch/showAward?AWD_ID=2150434,N/A,unknown,unknown,N/A,N/A,unknown,,unknown,,unknown,,unknown,2026-09-02,medium
74,74,2026,5.0,N/A,N/A,N/A,N/A,https://www.nsf.gov/awardsearch/showAward?AWD_ID=2150441,N/A,unknown,unknown,N/A,N/A,unknown,,unknown,,unknown,,unknown,2026-09-02,medium
75,75,2026,10.0,N/A,N/A,N/A,N/A,https://www.nsf.gov/awardsearch/showAward?AWD_ID=2150491,N/A,unknown,unknown,N/A,N/A,unknown,,unknown,,unknown,,unknown,2026-09-02,medium
80,80,2026,9.0,N/A,N/A,N/A,N/A,https://www.nsf.gov/awardsearch/showAward?AWD_ID=2242514,N/A,unknown,unknown,N/A,N/A,unknown,,unknown,,unknown,,unknown,2026-09-02,medium
87,87,2026,10.0,N/A,N/A,N/A,N/A,https://etap.nsf.gov,N/A,unknown,unknown,N/A,N/A,unknown,,unknown,,unknown,,unknown,2026-09-02,medium
101,101,2026,10.0,N/A,N/A,N/A,N/A,https://www.nsf.gov/awardsearch/showAward?AWD_ID=2243941,N/A,unknown,unknown,N/A,N/A,unknown,,unknown,,unknown,,unknown,2026-09-02,medium
109,109,2026,10.0,N/A,N/A,N/A,N/A,https://etap.nsf.gov,N/A,unknown,unknown,N/A,N/A,unknown,,unknown,,unknown,,unknown,2026-09-02,medium
110,110,2026,10.0,N/A,N/A,N/A,N/A,https://www.nsf.gov/awardsearch/showAward?AWD_ID=2243993,N/A,unknown,unknown,N/A,N/A,unknown,,unknown,,unknown,,unknown,2026-09-02,medium
113,113,2026,10.0,N/A,N/A,N/A,N/A,https://www.nsf.gov/awardsearch/showAward?AWD_ID=2244014,N/A,unknown,unknown,N/A,N/A,unknown,,unknown,,unknown,,unknown,2026-09-02,medium
137,137,2026,N/A,N/A,N/A,N/A,N/A,https://www.nsf.gov/awardsearch/showAward?AWD_ID=2244167,N/A,unknown,unknown,N/A,N/A,unknown,,unknown,,unknown,,unknown,2026-09-02,medium
143,143,2026,10.0,N/A,N/A,N/A,N/A,https://www.nsf.gov/awardsearch/showAward?AWD_ID=2244201,N/A,unknown,unknown,N/A,N/A,unknown,,unknown,,unknown,,unknown,2026-09-02,medium
149,149,2026,10.0,N/A,N/A,N/A,N/A,https://etap.nsf.gov,N/A,unknown,unknown,N/A,N/A,unknown,,unknown,,unknown,,unknown,2026-09-02,medium
171,171,2026,10.0,N/A,N/A,N/A,N/A,https://www.nsf.gov/awardsearch/showAward?AWD_ID=2244348,N/A,unknown,unknown,N/A,N/A,unknown,,unknown,,unknown,,unknown,2026-09-02,medium
187,187,2026,N/A,N/A,N/A,N/A,N/A,https://www.nsf.gov/awardsearch/showAward?AWD_ID=2244483,N/A,unknown,unknown,N/A,N/A,unknown,,unknown,,unknown,,unknown,2026-09-02,medium
204,204,2026,10.0,N/A,N/A,N/A,N/A,https://www.nsf.gov/awardsearch/showAward?AWD_ID=2244720,N/A,unknown,unknown,N/A,N/A,unknown,,unknown,,unknown,,unknown,2026-09-02,medium
205,205,2026,10.0,N/A,N/A,N/A,N/A,https://www.nsf.gov/awardsearch/showAward?AWD_ID=2244795,N/A,unknown,unknown,N/A,N/A,unknown,,unknown,,unknown,,unknown,2026-09-02,medium
226,226,2026,N/A,N/A,N/A,N/A,N/A,https://www.nsf.gov/awardsearch/showAward?AWD_ID=2348782,N/A,unknown,unknown,N/A,N/A,unknown,,unknown,,unknown,,unknown,2026-09-02,medium
323,323,2026,N/A,N/A,N/A,N/A,N/A,https://www.nsf.gov/awardsearch/showAward?AWD_ID=2349347,N/A,unknown,unknown,N/A,N/A,unknown,,unknown,,unknown,,unknown,2026-09-02,medium
349,349,2026,8.0,N/A,N/A,N/A,N/A,https://www.nsf.gov/awardsearch/showAward?AWD_ID=2349486,N/A,unknown,unknown,N/A,N/A,unknown,,unknown,,unknown,,unknown,2026-09-02,medium
361,361,2026,N/A,N/A,N/A,N/A,N/A,https://www.nsf.gov/awardsearch/showAward?AWD_ID=2349567,N/A,unknown,unknown,N/A,N/A,unknown,,unknown,,unknown,,unknown,2026-09-02,medium
702,702,2026,N/A,N/A,N/A,N/A,N/A,https://www.nsf.gov/awardsearch/showAward?AWD_ID=2609947,N/A,unknown,unknown,N/A,N/A,unknown,,unknown,,unknown,,unknown,2026-09-02,medium
704,704,2026,N/A,N/A,N/A,N/A,N/A,https://www.nsf.gov/awardsearch/showAward?AWD_ID=2619097,N/A,unknown,unknown,N/A,N/A,unknown,,unknown,,unknown,,unknown,2026-09-02,medium
707,707,2026,10.0,N/A,N/A,N/A,N/A,,N/A,unknown,Needs cycle update,N/A,N/A,unknown,,unknown,,unknown,,unknown,2026-09-03,Low
708,708,2026,N/A,N/A,N/A,N/A,N/A,,N/A,unknown,Needs cycle update,N/A,N/A,unknown,,unknown,,unknown,,unknown,2026-09-03,Low
709,709,2026,N/A,N/A,N/A,N/A,N/A,,N/A,unknown,Needs cycle update,N/A,N/A,unknown,,unknown,,unknown,,unknown,2026-09-03,Low
710,710,2026,N/A,N/A,N/A,N/A,N/A,,N/A,unknown,Needs cycle update,N/A,N/A,unknown,,unknown,,unknown,,unknown,2026-09-03,Low
711,711,2026,N/A,N/A,N/A,N/A,N/A,,N/A,unknown,Needs cycle update,N/A,N/A,unknown,,unknown,,unknown,,unknown,2026-09-03,Low
712,712,2026,N/A,N/A,N/A,N/A,N/A,,N/A,unknown,Needs cycle update,N/A,N/A,unknown,,unknown,,unknown,,unknown,2026-09-03,Low
713,713,2026,N/A,N/A,N/A,N/A,N/A,,N/A,unknown,Needs cycle update,N/A,N/A,unknown,,unknown,,unknown,,unknown,2026-09-03,Low
714,714,2026,N/A,N/A,N/A,N/A,N/A,,N/A,unknown,Needs cycle update,N/A,N/A,unknown,,unknown,,unknown,,unknown,2026-09-03,Low
715,715,2026,N/A,N/A,N/A,N/A,N/A,,N/A,unknown,Needs cycle update,N/A,N/A,unknown,,unknown,,unknown,,unknown,2026-09-03,Low
716,716,2026,N/A,N/A,N/A,N/A,N/A,,N/A,unknown,Needs cycle update,N/A,N/A,unknown,,unknown,,unknown,,unknown,2026-09-03,Low
717,717,2026,N/A,N/A,N/A,N/A,N/A,,N/A,unknown,Needs cycle update,N/A,N/A,unknown,,unknown,,unknown,,unknown,2026-09-03,Low
718,718,2026,N/A,N/A,N/A,N/A,N/A,,N/A,unknown,Needs cycle update,N/A,N/A,unknown,,unknown,,unknown,,unknown,2026-09-03,Low
719,719,2026,N/A,N/A,N/A,N/A,N/A,,N/A,unknown,Needs cycle update,N/A,N/A,unknown,,unknown,,unknown,,unknown,2026-09-03,Low
720,720,2026,N/A,N/A,N/A,N/A,N/A,,N/A,unknown,Needs cycle update,N/A,N/A,unknown,,unknown,,unknown,,unknown,2026-09-03,Low
721,721,2026,N/A,N/A,N/A,N/A,N/A,,N/A,unknown,Needs cycle update,N/A,N/A,unknown,,unknown,,unknown,,unknown,2026-09-03,Low
722,722,2026,10.0,N/A,N/A,N/A,N/A,,N/A,unknown,Needs cycle update,N/A,N/A,unknown,,unknown,,unknown,,unknown,2026-09-03,Low
723,723,2026,N/A,N/A,N/A,N/A,N/A,,N/A,unknown,Needs cycle update,N/A,N/A,unknown,,unknown,,unknown,,unknown,2026-09-03,Low
724,724,2026,10.0,N/A,N/A,N/A,N/A,,N/A,unknown,Needs cycle update,N/A,N/A,unknown,,unknown,,unknown,,unknown,2026-09-03,Low
725,725,2026,10.0,N/A,N/A,N/A,N/A,,N/A,unknown,Needs cycle update,N/A,N/A,unknown,,unknown,,unknown,,unknown,2026-09-03,Low
726,726,2026,10.0,N/A,N/A,N/A,N/A,,N/A,unknown,Needs cycle update,N/A,N/A,unknown,,unknown,,unknown,,unknown,2026-09-03,Low
727,727,2026,N/A,N/A,N/A,N/A,N/A,,N/A,unknown,Needs cycle update,N/A,N/A,unknown,,unknown,,unknown,,unknown,2026-09-03,Low
728,728,2026,N/A,N/A,N/A,N/A,N/A,,N/A,unknown,Needs cycle update,N/A,N/A,unknown,,unknown,,unknown,,unknown,2026-09-03,Low
729,729,2026,10.0,N/A,N/A,N/A,N/A,,N/A,unknown,Needs cycle update,N/A,N/A,unknown,,unknown,,unknown,,unknown,2026-09-03,Low
730,730,2026,N/A,N/A,N/A,N/A,N/A,,N/A,unknown,Needs cycle update,N/A,N/A,unknown,,unknown,,unknown,,unknown,2026-09-03,Low
731,731,2026,N/A,N/A,N/A,N/A,N/A,,"Application deadline: January 30, 2026",unknown,Needs cycle update,N/A,N/A,unknown,,unknown,,unknown,,unknown,2026-09-03,Low
732,732,2026,11.0,N/A,N/A,N/A,N/A,,N/A,unknown,Needs cycle update,N/A,N/A,unknown,,unknown,,unknown,,unknown,2026-09-04,Low
733,733,2026,10.0,N/A,N/A,N/A,N/A,,N/A,unknown,Needs cycle update,N/A,N/A,unknown,,unknown,,unknown,,unknown,2026-09-04,Low
734,734,2026,10.0,N/A,N/A,N/A,N/A,,"Application Deadline: February 19, 2026",unknown,Needs cycle update,7000.0,N/A,unknown,,unknown,,unknown,,unknown,2026-09-04,Low
735,735,2026,N/A,N/A,N/A,N/A,N/A,,"APPLICATION DEADLINE: February 2, 2026",unknown,Needs cycle update,7000.0,N/A,unknown,,unknown,,unknown,,unknown,2026-09-04,Low
736,736,2026,11.0,N/A,N/A,N/A,N/A,,N/A,unknown,Needs cycle update,N/A,N/A,unknown,,unknown,,unknown,,unknown,2026-09-04,Low
737,737,2026,N/A,N/A,N/A,N/A,N/A,,N/A,unknown,Needs cycle update,N/A,N/A,unknown,,unknown,,unknown,,unknown,2026-09-04,Low
738,738,2026,11.0,N/A,N/A,N/A,N/A,,N/A,unknown,Needs cycle update,N/A,N/A,unknown,,unknown,,unknown,,unknown,2026-09-04,Low
739,739,2026,10.0,N/A,N/A,N/A,N/A,,"Application Deadline: February 19, 2026",unknown,Needs cycle update,7000.0,N/A,unknown,,unknown,,unknown,,unknown,2026-09-04,Low
740,740,2026,N/A,N/A,N/A,N/A,N/A,,N/A,unknown,Needs cycle update,N/A,N/A,unknown,,unknown,,unknown,,unknown,2026-09-04,Low
741,741,2026,11.0,N/A,N/A,N/A,N/A,,N/A,unknown,Needs cycle update,7700.0,N/A,unknown,,unknown,,unknown,,unknown,2026-09-04,Low
742,742,2026,N/A,N/A,N/A,N/A,N/A,,N/A,unknown,Needs cycle update,N/A,N/A,unknown,,unknown,,unknown,,unknown,2026-09-04,Low
743,743,2026,10.0,N/A,N/A,N/A,N/A,,"DEADLINE: February 7, 2025",unknown,Needs cycle update,N/A,N/A,unknown,,unknown,,unknown,,unknown,2026-09-04,Low
744,744,2026,8.0,N/A,N/A,N/A,N/A,,N/A,unknown,Needs cycle update,N/A,N/A,unknown,,unknown,,unknown,,unknown,2026-09-04,Low
745,745,2026,10.0,N/A,N/A,N/A,N/A,,N/A,unknown,Needs cycle update,750.0,N/A,unknown,,unknown,,unknown,,unknown,2026-09-04,Low
746,746,2026,8.0,N/A,N/A,N/A,N/A,,N/A,unknown,Needs cycle update,N/A,N/A,unknown,,unknown,,unknown,,unknown,2026-09-04,Low
747,747,2026,N/A,N/A,N/A,N/A,N/A,,N/A,unknown,Needs cycle update,N/A,N/A,unknown,,unknown,,unknown,,unknown,2026-09-04,Low
748,748,2026,10.0,N/A,N/A,N/A,N/A,,"Application Deadline: March 2, 2026",unknown,Needs cycle update,5000.0,N/A,unknown,,unknown,,unknown,,unknown,2026-09-04,Low
749,749,2026,N/A,N/A,N/A,N/A,N/A,,N/A,unknown,Needs cycle update,N/A,N/A,unknown,,unknown,,unknown,,unknown,2026-09-04,Low
750,750,2026,N/A,N/A,N/A,N/A,N/A,,N/A,unknown,Needs cycle update,N/A,N/A,unknown,,unknown,,unknown,,unknown,2026-09-04,Low
751,751,2026,10.0,N/A,N/A,N/A,N/A,,"Application Deadline: March 2, 2026",unknown,Needs cycle update,5000.0,N/A,unknown,,unknown,,unknown,,unknown,2026-09-04,Low
752,752,2026,N/A,N/A,N/A,N/A,N/A,,"Deadline April 23, 2027",unknown,Needs cycle update,N/A,N/A,unknown,,unknown,,unknown,,unknown,2026-09-04,Low
753,753,2026,10.0,N/A,N/A,N/A,N/A,,N/A,unknown,Needs cycle update,N/A,N/A,unknown,,unknown,,unknown,,unknown,2026-09-04,Low
754,754,2026,10.0,N/A,N/A,N/A,N/A,,"Application Deadline: March 2, 2026",unknown,Needs cycle update,5000.0,N/A,unknown,,unknown,,unknown,,unknown,2026-09-04,Low
755,755,2026,N/A,N/A,N/A,N/A,N/A,,N/A,unknown,Needs cycle update,N/A,N/A,unknown,,unknown,,unknown,,unknown,2026-09-04,Low
756,756,2026,10.0,N/A,N/A,N/A,N/A,,N/A,unknown,Needs cycle update,N/A,N/A,unknown,,unknown,,unknown,,unknown,2026-09-04,Low
757,757,2026,N/A,N/A,N/A,N/A,N/A,,N/A,unknown,Needs cycle update,N/A,N/A,unknown,,unknown,,unknown,,unknown,2026-09-04,Low
758,758,2026,N/A,N/A,N/A,N/A,N/A,,N/A,unknown,Needs cycle update,N/A,N/A,unknown,,unknown,,unknown,,unknown,2026-09-04,Low
759,759,2026,N/A,N/A,N/A,N/A,N/A,,N/A,unknown,Needs cycle update,N/A,N/A,unknown,,unknown,,unknown,,unknown,2026-09-04,Low
760,760,2026,10.0,N/A,N/A,N/A,N/A,,N/A,unknown,Needs cycle update,N/A,N/A,unknown,,unknown,,unknown,,unknown,2026-09-04,Low
761,761,2026,N/A,N/A,N/A,N/A,N/A,,"Application Deadline: February 15, 2022",unknown,Needs cycle update,N/A,575.0,unknown,,unknown,,unknown,,unknown,2026-09-04,Low
762,762,2026,N/A,N/A,N/A,N/A,N/A,,N/A,unknown,Needs cycle update,N/A,N/A,unknown,,unknown,,unknown,,unknown,2026-09-04,Low
763,763,2026,N/A,N/A,N/A,N/A,N/A,,N/A,unknown,Needs cycle update,4500.0,N/A,unknown,,unknown,,unknown,,unknown,2026-09-04,Low
